,Well,Sampling year,Sampling season,Label,Color,Marker,Size,Alpha,pH,Ca,Mg,Na,K,HCO3,CO3,Cl,SO4
0,J1,1992,dry,C3,#3cb44b,o,20,0.6,6.9,62.7,13.0,14.9,0.9,257.5,0,12.5,10.0
1,J1,1992,wet,C3,#3cb44b,o,20,0.6,7.1,68.4,14.5,13.0,0.6,277.5,0,13.8,22.5
2,J1,1993,dry,C3,#3cb44b,o,20,0.6,6.9,74.2,13.0,13.1,0.7,287.5,0,13.8,10.0
3,J1,1993,wet,C3,#3cb44b,o,20,0.6,7.9,68.4,14.5,13.0,1.3,280.0,0,12.5,5.0
4,J1,1994,dry,C3,#3cb44b,o,20,0.6,7.1,66.8,13.0,12.7,0.6,272.5,0,13.8,7.5
5,J1,1995,dry,C3,#3cb44b,o,20,0.6,6.9,60.2,13.5,13.0,0.6,250.0,0,12.5,15.0
6,J1,1995,wet,C3,#3cb44b,o,20,0.6,6.9,64.3,13.0,14.9,0.8,250.1,0,16.3,12.5
7,J1,1996,dry,C3,#3cb44b,o,20,0.6,6.9,61.84,14.0,14.0,0.6,242.51,0,15.0,26.0
8,J1,1996,wet,C3,#3cb44b,o,20,0.6,6.7,63.49,13.0,13.8,0.88,242.51,0,16.25,10.0
9,J1,1997,dry,C3,#3cb44b,o,20,0.6,8.15,66.78,11.0,13.75,0.6,245.01,0,15.0,16.0
10,J1,1997,wet,C3,#3cb44b,o,20,0.6,8.29,62.66,14.0,11.72,0.61,220.005,0,15.0,12.0
11,J1,1998,dry,C3,#3cb44b,o,20,0.6,6.61,64.31,13.5,14.7,1.1,247.51,0,13.75,18.0
12,J1,1998,wet,C3,#3cb44b,o,20,0.6,6.67,64.31,12.5,11.7,0.5,245.01,0,18.75,7.2
13,J1,1999,dry,C3,#3cb44b,o,20,0.6,7.25,62.66,12.0,13.6,0.8,240.005,0,15.0,16.0
14,J1,1999,wet,C3,#3cb44b,o,20,0.6,6.67,64.31,11.5,14.7,0.7,245.01,0,16.25,18.0
15,J1,2000,dry,C3,#3cb44b,o,20,0.6,7.85,64.31,12.0,13.12,0.61,242.51,0,15.0,10.0
16,J1,2000,wet,C3,#3cb44b,o,20,0.6,7.05,63.49,12.5,13.33,0.67,250.005,0,18.75,10.0
17,J1,2001,dry,C3,#3cb44b,o,20,0.6,7.0,67.61,11.0,13.57,0.67,245.01,0,16.25,10.0
18,J1,2001,wet,C3,#3cb44b,o,20,0.6,6.83,67.61,12.5,13.57,0.6,245.01,0,17.5,10.0
19,J1,2002,dry,C3,#3cb44b,o,20,0.6,6.92,68.43,13.0,13.861,0.798,255.01,0,18.75,18.0
20,J1,2002,wet,C3,#3cb44b,o,20,0.6,7.5,70.08,13.0,12.78,0.96,260.005,0,17.5,17.2
21,J1,2003,dry,C3,#3cb44b,o,20,0.6,7.97,65.14,14.5,14.02,0.82,247.51,0,18.75,17.5
22,J1,2003,wet,C3,#3cb44b,o,20,0.6,7.91,65.14,14.0,14.54,0.61,245.01,0,16.25,30.0
23,J1,2004,dry,C3,#3cb44b,o,20,0.6,8.22,67.61,13.0,13.54,0.56,230.005,0,15.0,20.0
24,J1,2004,wet,C3,#3cb44b,o,20,0.6,8.16,65.96,16.5,12.49,0.6,235.01,0,18.75,19.2
25,J1,2005,dry,C3,#3cb44b,o,20,0.6,7.13,64.31,13.5,13.3,0.6,250.0,0,18.75,11.6
26,J1,2005,wet,C3,#3cb44b,o,20,0.6,7.8,66.78,12.5,13.05,0.6,245.0,0,17.5,8.0
27,J1,2006,dry,C3,#3cb44b,o,20,0.6,7.93,69.26,12.0,13.2,0.56,245.0,0,21.25,22.0
28,J1,2006,wet,C3,#3cb44b,o,20,0.6,8.19,71.73,12.5,14.03,0.61,232.5,0,26.25,15.0
29,J1,2007,wet,C3,#3cb44b,o,20,0.6,8.45,68.43,12.5,13.68,0.51,222.5,0,20.0,9.0
30,J1,2008,dry,C3,#3cb44b,o,20,0.6,7.09,65.96,12.5,13.12,0.68,240.0,0,15.0,20.0
31,J1,2008,wet,C3,#3cb44b,o,20,0.6,7.78,64.31,13.0,14.23,0.76,255.0,0,17.5,22.0
32,J1,2009,dry,C5,#FA8072,^,20,0.6,7.15,109.66,28.5,37.83,0.91,455.0,0,8.75,80.0
33,J1,2009,wet,C3,#3cb44b,o,20,0.6,8.27,76.68,12.0,14.88,0.72,247.5,0,25.0,20.0
34,J1,2010,dry,C3,#3cb44b,o,20,0.6,7.18,64.31,14.5,13.83,0.89,247.5,0,18.75,15.0
35,J1,2010,wet,C3,#3cb44b,o,20,0.6,7.54,72.56,12.0,12.83,0.59,245.0,0,23.75,12.0
36,J1,2011,dry,C3,#3cb44b,o,20,0.6,7.37,65.96,14.0,13.15,0.59,277.5,0,16.25,4.0
37,J1,2011,wet,C3,#3cb44b,o,20,0.6,8.28,65.37,15.58,15.34,1.03,260.04,0,22.35,10.0
38,J1,2012,dry,C5,#FA8072,^,20,0.6,7.78,64.23,25.66,16.9,1.21,288.8,0,18.19,20.0
39,J1,2012,wet,C5,#FA8072,^,20,0.6,7.89,69.72,13.78,25.91,0.88,271.93,0,25.19,35.0
40,J1,2013,dry,C3,#3cb44b,o,20,0.6,7.3,66.53,14.58,15.61,1.17,271.2,0,17.58,16.0
41,J1,2013,wet,C3,#3cb44b,o,20,0.6,7.64,76.95,9.72,14.49,1.53,258.77,0,16.37,23.21
42,J1,2014,dry,C1,#808000,s,20,0.6,6.92,179.46,45.96,44.4,0.98,617.99,0,80.6,114.11
43,J1,2014,wet,C1,#808000,s,20,0.6,7.39,148.3,36.46,34.77,0.99,485.72,0,66.74,90.0
44,J10,1997,dry,C6,#911eb4,o,20,0.6,7.1,164.9,29.5,206.5,3.4,370.0,0,458.8,27.5
45,J10,1997,wet,C6,#911eb4,o,20,0.6,7.6,80.0,13.5,63.6,3.0,282.5,0,117.0,12.5
46,J10,1998,dry,C6,#911eb4,o,20,0.6,7.3,158.3,28.0,202.0,5.0,362.5,0,460.0,12.5
47,J10,1998,wet,C6,#911eb4,o,20,0.6,7.4,156.6,29.0,188.0,5.0,345.0,0,500.0,7.5
48,J10,1999,dry,C6,#911eb4,o,20,0.6,7.4,155.0,27.0,224.0,6.7,350.0,0,485.0,5.0
49,J10,1999,wet,C6,#911eb4,o,20,0.6,7.5,81.6,14.0,112.8,5.8,267.5,0,192.5,7.5
50,J10,2000,dry,C6,#911eb4,o,20,0.6,7.3,168.2,29.5,335.0,8.0,360.0,0,630.0,37.5
51,J10,2000,wet,C6,#911eb4,o,20,0.6,7.1,179.7,30.0,319.0,4.8,350.2,0,710.0,10.0
52,J10,2001,dry,C6,#911eb4,o,20,0.6,7.48,184.69,32.0,412.5,4.0,372.52,0,850.0,13.0
53,J10,2001,wet,C6,#911eb4,o,20,0.6,7.46,169.02,38.0,415.0,4.3,352.52,0,862.5,9.0
54,J10,2002,dry,C6,#911eb4,o,20,0.6,7.1,205.3,38.0,66.644,5.981,427.52,0,342.5,8.2
55,J10,2002,wet,C6,#911eb4,o,20,0.6,7.6,208.6,44.0,93.94,5.82,325.02,0,460.0,9.0
56,J10,2003,dry,C6,#911eb4,o,20,0.6,7.95,93.99,15.5,46.55,1.82,240.005,0,122.5,6.0
57,J10,2003,wet,C6,#911eb4,o,20,0.6,8.23,91.52,17.0,66.05,1.71,245.01,0,152.5,1.0
58,J10,2004,dry,C6,#911eb4,o,20,0.6,8.14,89.05,17.5,57.42,1.63,250.005,0,151.25,1.0
59,J10,2004,wet,C1,#808000,s,20,0.6,8.2,117.08,24.5,31.19,1.78,312.52,0,135.0,12.0
60,J10,2005,dry,C6,#911eb4,o,20,0.6,7.29,213.55,25.5,248.01,3.83,457.5,0,580.0,0.6
61,J10,2005,wet,C6,#911eb4,o,20,0.6,8.18,89.87,15.0,82.1,1.8,250.0,0,185.0,1.0
62,J10,2006,dry,C6,#911eb4,o,20,0.6,8.35,90.7,15.5,67.42,1.58,252.5,0,172.5,1.0
63,J10,2006,wet,C6,#911eb4,o,20,0.6,8.33,85.75,21.5,104.78,2.55,232.5,0,238.75,1.0
64,J10,2007,dry,C6,#911eb4,o,20,0.6,8.22,93.99,16.0,130.06,1.87,247.5,0,250.0,1.0
65,J10,2007,wet,C6,#911eb4,o,20,0.6,7.8,103.06,17.5,151.74,1.91,265.0,0,333.75,2.0
66,J10,2008,dry,C6,#911eb4,o,20,0.6,7.66,97.29,14.0,44.41,1.9,217.5,0,141.25,16.0
67,J10,2008,wet,C6,#911eb4,o,20,0.6,7.72,98.12,16.5,144.46,1.84,262.5,0,300.0,2.0
68,J10,2009,dry,C6,#911eb4,o,20,0.6,7.51,98.12,15.5,144.94,2.07,272.5,0,280.0,8.0
69,J10,2009,wet,C5,#FA8072,^,20,0.6,7.66,103.89,19.0,44.77,1.92,390.0,0,28.75,4.0
70,J10,2010,dry,C6,#911eb4,o,20,0.6,7.59,106.36,17.5,215.76,3.03,270.0,0,412.5,20.0
71,J10,2010,wet,C6,#911eb4,o,20,0.6,7.75,117.9,17.5,198.73,2.78,262.5,0,413.75,10.0
72,J10,2011,dry,C6,#911eb4,o,20,0.6,8.38,121.2,20.5,198.73,2.35,275.0,0,411.25,25.0
73,J10,2011,wet,C6,#911eb4,o,20,0.6,7.95,118.29,29.27,273.2,2.98,304.44,0,522.38,12.0
74,J10,2012,dry,C6,#911eb4,o,20,0.6,7.49,128.47,29.46,376.87,4.77,348.96,0,706.78,30.0
75,J10,2012,wet,C6,#911eb4,o,20,0.6,7.88,120.63,21.38,407.45,3.14,354.7,0,713.78,40.0
76,J10,2013,dry,C6,#911eb4,o,20,0.6,7.73,120.24,20.42,429.6,4.88,353.75,0,761.69,7.6
77,J10,2013,wet,C6,#911eb4,o,20,0.6,7.31,129.86,20.91,402.7,5.6,294.79,0,769.02,33.79
78,J10,2014,dry,C6,#911eb4,o,20,0.6,7.61,130.81,24.19,593.61,3.53,380.78,0,994.1,44.95
79,J10,2014,wet,C6,#911eb4,o,20,0.6,7.67,118.64,18.96,491.42,3.77,303.57,0,813.35,35.0
80,J11,1992,wet,C4,#0082c8,s,20,0.6,7.1,86.6,15.0,28.0,0.9,425.0,0,2.5,2.5
81,J11,1993,dry,C4,#0082c8,s,20,0.6,7.0,85.7,15.5,29.7,0.8,430.0,0,1.2,2.5
82,J11,1993,wet,C4,#0082c8,s,20,0.6,7.6,82.4,16.5,27.4,1.3,412.5,0,1.2,2.5
83,J11,1994,dry,C2,#008080,^,20,0.6,7.1,84.9,16.5,29.4,0.7,420.0,0,0.01,0.0075
84,J11,1994,wet,C4,#0082c8,s,20,0.6,7.1,80.0,16.5,30.5,0.9,397.5,0,1.2,2.5
85,J11,1995,dry,C4,#0082c8,s,20,0.6,7.2,85.7,16.0,35.8,1.0,422.5,0,3.8,5.0
86,J11,1995,wet,C4,#0082c8,s,20,0.6,7.3,87.4,14.0,26.6,0.8,410.0,0,1.2,2.5
87,J11,1996,dry,C4,#0082c8,s,20,0.6,7.3,83.27,17.0,27.6,1.1,415.02,0,1.25,1.0
88,J11,1996,wet,C4,#0082c8,s,20,0.6,8.0,86.57,13.5,28.5,0.6,410.02,0,1.25,1.0
89,J11,1997,dry,C4,#0082c8,s,20,0.6,7.29,83.27,14.5,29.55,0.71,412.52,0,1.25,0.5
90,J11,1997,wet,C4,#0082c8,s,20,0.6,8.8,76.68,15.0,28.0,0.8,350.02,0,2.5,1.0
91,J11,1998,dry,C4,#0082c8,s,20,0.6,7.02,85.75,17.0,30.7,1.3,415.02,0,1.25,1.0
92,J11,1998,wet,C4,#0082c8,s,20,0.6,7.14,84.92,15.5,27.86,0.78,407.52,0,1.25,3.2
93,J11,1999,dry,C4,#0082c8,s,20,0.6,7.13,85.75,15.0,28.8,1.0,415.02,0,1.25,1.0
94,J11,1999,wet,C4,#0082c8,s,20,0.6,8.08,80.8,15.0,32.0,0.8,367.52,0,2.5,1.0
95,J11,2000,dry,C4,#0082c8,s,20,0.6,7.1,73.38,19.5,30.59,0.75,400.02,0,1.25,0.8
96,J11,2000,wet,C4,#0082c8,s,20,0.6,8.13,83.27,14.5,31.25,0.8,380.02,0,3.75,1.0
97,J11,2001,dry,C4,#0082c8,s,20,0.6,7.28,82.45,14.5,28.57,0.79,412.52,0,1.25,4.0
98,J11,2001,wet,C4,#0082c8,s,20,0.6,7.04,85.75,14.0,28.67,0.88,400.02,0,3.75,1.0
99,J11,2002,dry,C4,#0082c8,s,20,0.6,7.25,83.27,15.0,30.686,1.156,400.02,0,6.25,0.4
100,J11,2002,wet,C4,#0082c8,s,20,0.6,7.5,83.27,15.5,24.59,1.09,400.02,0,2.5,1.0
101,J11,2003,dry,C4,#0082c8,s,20,0.6,8.35,82.45,16.0,34.9,0.84,360.02,0,2.5,8.4
102,J11,2003,wet,C4,#0082c8,s,20,0.6,7.91,79.15,17.0,31.65,0.87,402.52,0,5.0,1.0
103,J11,2004,dry,C4,#0082c8,s,20,0.6,8.2,81.63,15.0,29.52,0.69,382.52,0,1.25,1.0
104,J11,2004,wet,C4,#0082c8,s,20,0.6,7.88,81.63,15.0,29.48,0.75,392.52,0,2.5,1.0
105,J11,2005,dry,C4,#0082c8,s,20,0.6,7.69,79.98,15.0,31.18,0.73,395.0,0,3.75,0.6
106,J11,2005,wet,C4,#0082c8,s,20,0.6,7.59,61.84,11.0,34.09,0.72,312.5,0,6.25,0.4
107,J11,2006,dry,C4,#0082c8,s,20,0.6,8.37,79.15,16.0,30.13,0.72,375.0,0,1.25,2.0
108,J11,2006,wet,C4,#0082c8,s,20,0.6,7.02,71.73,19.5,31.19,0.68,382.5,0,10.0,1.0
109,J11,2007,dry,C4,#0082c8,s,20,0.6,7.92,80.8,12.0,30.12,0.63,380.0,0,2.5,1.0
110,J11,2007,wet,C4,#0082c8,s,20,0.6,8.26,68.43,15.0,29.67,0.59,342.5,0,6.25,1.0
111,J11,2008,wet,C4,#0082c8,s,20,0.6,7.43,79.98,15.0,29.95,0.73,400.0,0,5.0,1.0
112,J11,2009,dry,C1,#808000,s,20,0.6,7.61,115.43,21.5,46.0,3.92,262.5,0,47.5,200.0
113,J11,2009,wet,C1,#808000,s,20,0.6,8.28,134.39,21.0,46.86,11.06,345.0,0,55.0,150.0
114,J11,2010,dry,C4,#0082c8,s,20,0.6,7.58,56.07,13.0,29.72,0.94,315.0,0,1.25,1.0
115,J11,2010,wet,C4,#0082c8,s,20,0.6,7.94,61.01,11.5,30.4,0.52,312.5,0,7.5,1.0
116,J11,2011,dry,C4,#0082c8,s,20,0.6,7.65,58.54,12.5,28.76,0.51,315.0,0,5.0,1.0
117,J11,2011,wet,C4,#0082c8,s,20,0.6,7.49,55.26,12.27,31.4,0.82,298.09,0,6.98,1.0
118,J11,2012,dry,C4,#0082c8,s,20,0.6,7.9,56.4,26.13,35.49,0.94,360.99,0,5.6,5.0
119,J11,2012,wet,C4,#0082c8,s,20,0.6,7.87,60.32,12.83,44.06,0.8,372.43,0,4.2,1.0
120,J11,2013,dry,C4,#0082c8,s,20,0.6,7.47,57.72,14.58,38.88,1.19,365.54,0,2.93,0.5
121,J11,2013,wet,C2,#008080,^,20,0.6,7.34,72.14,8.75,36.23,1.53,365.54,0,1.1,0.0075
122,J11,2014,dry,C4,#0082c8,s,20,0.6,7.37,55.03,15.96,41.94,0.84,374.54,0,2.78,0.4
123,J11,2014,wet,C2,#008080,^,20,0.6,7.77,80.96,22.85,14.07,1.88,370.36,0,18.07,1.0
124,J12,1996,dry,C2,#008080,^,20,0.6,7.1,145.11,31.5,14.1,1.4,630.03,0,6.25,2.5
125,J12,1996,wet,C2,#008080,^,20,0.6,7.2,145.94,32.5,14.0,1.29,615.03,0,12.5,8.0
126,J12,1997,dry,C2,#008080,^,20,0.6,7.15,140.99,30.0,13.18,1.14,617.53,0,6.25,0.5
127,J12,1997,wet,C2,#008080,^,20,0.6,7.77,135.22,33.5,11.8,1.0,615.03,0,5.0,1.0
128,J12,1998,dry,C2,#008080,^,20,0.6,6.9,144.29,31.5,15.0,1.1,637.53,0,6.25,0.5
129,J12,1998,wet,C3,#3cb44b,o,20,0.6,6.54,41.23,11.5,9.28,0.78,207.51,0,2.5,2.8
130,J12,1999,dry,C2,#008080,^,20,0.6,7.02,145.11,31.0,13.7,1.3,630.03,0,6.25,1.0
131,J12,1999,wet,C2,#008080,^,20,0.6,7.15,141.81,32.0,14.5,1.1,627.53,0,6.15,1.0
132,J12,2000,dry,C2,#008080,^,20,0.6,7.1,143.46,31.0,13.53,1.12,617.53,0,5.0,0.8
133,J12,2000,wet,C2,#008080,^,20,0.6,7.41,145.11,30.5,13.0,1.1,620.03,0,7.5,1.0
134,J12,2001,dry,C2,#008080,^,20,0.6,7.15,143.46,31.0,10.0,1.08,615.03,0,5.0,1.0
135,J12,2001,wet,C2,#008080,^,20,0.6,7.45,122.85,31.0,13.85,1.27,555.03,0,8.75,1.0
136,J12,2002,dry,C2,#008080,^,20,0.6,7.11,137.69,30.0,12.688,1.393,595.03,0,8.75,0.4
137,J12,2002,wet,C2,#008080,^,20,0.6,7.5,100.59,41.5,13.48,1.24,530.03,0,6.25,0.5
138,J12,2003,dry,C2,#008080,^,20,0.6,7.93,140.17,33.0,13.41,1.17,612.53,0,5.0,0.6
139,J12,2003,wet,C2,#008080,^,20,0.6,7.62,129.45,30.5,14.28,1.07,570.03,0,8.75,1.0
140,J12,2004,dry,C2,#008080,^,20,0.6,7.82,140.17,32.0,13.14,1.01,615.03,0,3.75,1.0
141,J12,2004,wet,C2,#008080,^,20,0.6,7.96,136.04,33.0,13.68,1.12,610.03,0,6.25,0.4
142,J12,2005,dry,C2,#008080,^,20,0.6,7.29,143.46,31.0,14.16,1.26,617.5,0,6.25,2.0
143,J12,2005,wet,C2,#008080,^,20,0.6,7.54,104.71,29.5,13.19,1.04,492.5,0,7.5,0.2
144,J12,2006,dry,C2,#008080,^,20,0.6,7.23,143.46,38.5,14.39,0.81,650.0,0,1.25,1.0
145,J12,2006,wet,C2,#008080,^,20,0.6,7.38,107.19,36.5,16.89,0.71,497.5,0,26.25,1.0
146,J12,2007,dry,C2,#008080,^,20,0.6,7.77,156.66,33.0,15.83,0.69,645.0,0,25.0,1.0
147,J12,2007,wet,C2,#008080,^,20,0.6,7.34,143.46,39.5,16.1,0.59,650.0,0,25.0,1.0
148,J12,2008,dry,C2,#008080,^,20,0.6,7.78,140.17,34.5,15.39,1.04,622.5,0,10.0,1.0
149,J12,2008,wet,C2,#008080,^,20,0.6,7.41,144.29,36.0,15.16,0.93,652.5,0,10.0,1.0
150,J12,2009,dry,C2,#008080,^,20,0.6,7.35,145.94,36.5,16.99,1.13,680.0,0,11.25,1.0
151,J12,2009,wet,C6,#911eb4,o,20,0.6,7.58,108.01,19.5,198.68,2.4,272.5,0,417.5,4.0
152,J12,2010,dry,C2,#008080,^,20,0.6,7.36,148.41,37.0,13.18,0.86,657.5,0,10.0,3.0
153,J12,2010,wet,C2,#008080,^,20,0.6,7.06,150.06,36.5,14.91,0.86,645.0,0,11.25,1.0
154,J12,2011,dry,C2,#008080,^,20,0.6,7.02,149.23,36.5,14.91,0.85,657.5,0,11.25,6.0
155,J12,2011,wet,C2,#008080,^,20,0.6,7.77,132.3,38.23,15.44,1.37,640.58,0,11.17,1.0
156,J12,2012,dry,C2,#008080,^,20,0.6,7.46,142.56,40.86,18.43,1.43,697.92,0,8.4,5.0
157,J12,2012,wet,C5,#FA8072,^,20,0.6,7.65,146.48,37.53,34.18,1.36,679.84,0,11.2,45.0
158,J12,2013,dry,C2,#008080,^,20,0.6,7.55,147.49,35.01,16.48,1.57,683.91,0,13.18,1.0
159,J12,2013,wet,C2,#008080,^,20,0.6,7.41,149.1,35.01,13.54,2.1,623.4,0,7.69,6.81
160,J12,2014,dry,C2,#008080,^,20,0.6,7.15,146.76,35.8,17.39,1.24,686.66,0,13.9,0.4
161,J12,2014,wet,C1,#808000,s,20,0.6,7.57,149.1,35.01,16.66,1.38,661.79,0,13.9,1.0
162,J13,1992,wet,C2,#008080,^,20,0.6,7.5,121.2,33.0,12.0,2.7,585.0,0,1.2,2.5
163,J13,1992,wet,C2,#008080,^,20,0.6,7.7,122.8,30.0,10.8,2.1,532.5,0,17.5,2.5
164,J13,1993,dry,C2,#008080,^,20,0.6,7.0,144.3,30.5,13.5,2.8,645.0,0,1.2,0.0075
165,J13,1993,wet,C2,#008080,^,20,0.6,7.5,140.2,31.0,12.0,3.0,637.5,0,1.2,5.0
166,J13,1994,dry,C2,#008080,^,20,0.6,7.2,144.3,30.0,12.0,2.5,640.0,0,1.2,2.5
167,J13,1994,wet,C2,#008080,^,20,0.6,7.5,128.6,40.5,12.8,2.7,620.0,0,2.5,2.5
168,J13,1995,dry,C2,#008080,^,20,0.6,6.9,141.0,32.5,12.2,3.31,640.0,0,1.2,2.5
169,J13,1995,wet,C2,#008080,^,20,0.6,7.3,140.2,33.0,12.5,2.9,635.3,0,3.8,2.5
170,J13,1996,dry,C2,#008080,^,20,0.6,7.2,144.29,35.0,13.3,3.9,637.53,0,1.25,2.5
171,J13,1996,wet,C2,#008080,^,20,0.6,7.1,145.11,30.5,14.7,3.7,630.03,0,1.25,1.0
172,J13,1997,dry,C2,#008080,^,20,0.6,7.51,142.64,30.0,12.27,3.0,620.03,0,1.25,3.0
173,J13,1997,wet,C2,#008080,^,20,0.6,7.72,131.92,36.5,10.71,2.7,625.03,0,0.01,1.0
174,J13,1998,dry,C2,#008080,^,20,0.6,7.1,146.76,30.0,13.3,3.3,637.53,0,1.25,1.0
175,J13,1998,wet,C2,#008080,^,20,0.6,7.18,131.92,38.5,11.18,2.72,622.53,0,2.5,2.0
176,J13,1999,dry,C2,#008080,^,20,0.6,7.03,147.59,29.0,12.5,2.9,637.53,0,1.25,1.0
177,J13,1999,wet,C2,#008080,^,20,0.6,7.08,145.11,30.0,13.6,3.0,627.53,0,1.25,1.0
178,J13,2000,dry,C2,#008080,^,20,0.6,7.57,137.69,30.5,12.35,3.12,607.53,0,1.25,1.6
179,J13,2000,wet,C2,#008080,^,20,0.6,7.65,145.94,30.0,12.0,2.75,630.03,0,1.25,1.0
180,J13,2001,dry,C2,#008080,^,20,0.6,7.21,137.69,29.0,13.08,2.82,597.53,0,1.25,1.0
181,J13,2001,wet,C2,#008080,^,20,0.6,7.01,131.92,39.0,11.67,3.0,600.03,0,2.5,1.0
182,J13,2002,dry,C2,#008080,^,20,0.6,7.12,138.52,29.5,11.652,2.988,602.53,0,6.25,0.4
183,J13,2002,wet,C2,#008080,^,20,0.6,7.7,70.91,24.0,12.08,3.15,370.02,0,2.5,0.5
184,J13,2003,dry,C2,#008080,^,20,0.6,7.73,139.34,30.5,11.99,2.98,605.03,0,3.75,0.6
185,J13,2003,wet,C2,#008080,^,20,0.6,7.52,128.62,30.0,12.95,2.93,580.03,0,1.25,1.0
186,J13,2004,dry,C2,#008080,^,20,0.6,7.8,114.61,28.0,12.57,2.79,535.03,0,1.25,1.0
187,J13,2004,wet,C2,#008080,^,20,0.6,7.74,127.8,31.5,12.13,2.65,577.53,0,1.25,0.4
188,J13,2005,dry,C2,#008080,^,20,0.6,7.48,141.81,31.0,12.62,3.64,617.5,0,2.5,4.0
189,J13,2005,wet,C2,#008080,^,20,0.6,7.6,84.92,27.0,11.89,2.77,440.0,0,2.5,0.4
190,J13,2006,dry,C2,#008080,^,20,0.6,8.25,139.34,30.0,11.25,2.82,592.5,0,3.75,1.0
191,J13,2006,wet,C2,#008080,^,20,0.6,7.2,117.9,41.5,11.75,2.99,597.5,0,1.25,1.0
192,J13,2007,dry,C2,#008080,^,20,0.6,7.96,158.3,19.0,11.33,2.73,600.0,0,1.25,1.0
193,J13,2007,wet,C2,#008080,^,20,0.6,7.48,135.22,33.5,11.33,2.5,622.5,0,1.25,1.0
194,J13,2008,dry,C2,#008080,^,20,0.6,7.37,155.83,38.0,14.62,2.15,702.5,0,5.0,1.0
195,J13,2008,wet,C2,#008080,^,20,0.6,7.44,155.01,37.5,14.78,3.99,695.0,0,3.75,1.0
196,J13,2009,dry,C2,#008080,^,20,0.6,7.71,149.23,40.0,16.49,4.64,702.5,0,7.5,1.0
197,J13,2009,wet,C5,#FA8072,^,20,0.6,8.21,89.05,20.5,30.33,0.86,340.0,0,33.75,27.5
198,J13,2010,dry,C1,#808000,s,20,0.6,7.32,150.88,40.5,11.54,3.76,695.0,0,2.5,3.0
199,J14,1992,dry,C2,#008080,^,20,0.6,6.9,139.3,24.0,16.3,1.2,597.5,0,1.2,0.0075
200,J14,1992,wet,C2,#008080,^,20,0.6,7.0,140.2,25.0,11.8,1.4,600.0,0,1.2,0.0075
201,J14,1993,dry,C2,#008080,^,20,0.6,7.3,142.6,25.0,13.3,1.1,602.5,0,1.2,2.5
202,J14,1993,wet,C2,#008080,^,20,0.6,7.5,112.1,23.0,12.5,1.3,505.0,0,1.2,2.5
203,J14,1994,dry,C1,#808000,s,20,0.6,7.6,107.2,23.0,20.0,1.0,507.5,0,1.2,2.5
204,J14,1994,wet,C1,#808000,s,20,0.6,7.1,121.2,22.5,21.7,0.8,540.0,0,1.2,2.5
205,J14,1995,wet,C2,#008080,^,20,0.6,7.1,144.3,23.5,15.3,1.6,587.8,0,2.5,5.0
206,J14,1996,dry,C2,#008080,^,20,0.6,7.1,141.81,24.0,11.8,1.1,580.03,0,1.25,1.0
207,J14,1996,wet,C2,#008080,^,20,0.6,7.0,140.99,23.0,13.5,1.4,580.03,0,1.25,1.0
208,J14,1997,dry,C2,#008080,^,20,0.6,6.96,140.17,23.5,12.14,1.02,572.53,0,1.25,1.0
209,J14,1997,wet,C2,#008080,^,20,0.6,7.4,140.17,22.0,11.43,1.27,577.53,0,1.25,1.0
210,J14,1998,dry,C2,#008080,^,20,0.6,7.0,141.81,22.5,19.7,1.5,582.53,0,1.25,4.0
211,J14,1998,wet,C2,#008080,^,20,0.6,7.32,140.17,24.5,10.59,1.14,577.53,0,1.25,1.0
212,J14,1999,dry,C2,#008080,^,20,0.6,7.13,142.64,22.0,12.7,1.4,582.53,0,1.25,0.6
213,J14,1999,wet,C2,#008080,^,20,0.6,7.23,140.17,23.5,14.0,1.2,557.53,0,1.25,1.0
214,J14,2000,dry,C2,#008080,^,20,0.6,7.93,145.94,18.5,11.88,1.12,570.03,0,1.25,1.0
215,J14,2000,wet,C2,#008080,^,20,0.6,7.39,140.17,23.0,12.0,1.1,585.03,0,1.25,1.0
216,J14,2001,dry,C2,#008080,^,20,0.6,7.13,141.81,23.0,12.86,1.21,575.03,0,1.25,1.0
217,J14,2001,wet,C2,#008080,^,20,0.6,7.69,126.15,24.0,13.08,1.27,537.53,0,2.5,1.0
218,J14,2002,dry,C2,#008080,^,20,0.6,7.34,115.43,24.5,12.249,1.907,502.53,0,2.5,0.2
219,J14,2002,wet,C2,#008080,^,20,0.6,7.5,97.29,24.5,11.28,1.42,442.52,0,1.25,0.2
220,J14,2003,dry,C2,#008080,^,20,0.6,7.34,139.34,25.0,12.27,1.24,567.53,0,3.75,2.0
221,J14,2003,wet,C2,#008080,^,20,0.6,7.52,107.19,32.0,12.94,1.12,520.03,0,1.25,1.0
222,J14,2004,dry,C2,#008080,^,20,0.6,7.69,103.06,23.5,12.68,1.06,465.02,0,1.25,1.0
223,J14,2004,wet,C2,#008080,^,20,0.6,7.9,133.57,25.5,11.9,1.14,565.03,0,1.25,0.4
224,J14,2005,dry,C2,#008080,^,20,0.6,7.51,140.17,24.0,12.69,1.08,575.0,0,1.25,0.6
225,J14,2005,wet,C2,#008080,^,20,0.6,7.45,98.94,24.5,12.03,1.08,445.0,0,6.25,0.2
226,J14,2006,dry,C2,#008080,^,20,0.6,7.7,140.99,22.0,11.68,1.1,565.0,0,1.25,1.0
227,J14,2006,wet,C2,#008080,^,20,0.6,7.49,126.15,26.0,12.13,1.2,520.0,0,2.5,2.0
228,J14,2007,dry,C2,#008080,^,20,0.6,7.38,140.17,22.5,11.63,1.07,560.0,0,1.25,3.0
229,J14,2007,wet,C2,#008080,^,20,0.6,7.78,55.24,25.0,10.91,1.03,310.0,0,6.25,1.0
230,J14,2008,dry,C2,#008080,^,20,0.6,7.8,139.34,22.0,11.94,1.18,560.0,0,1.25,9.0
231,J14,2008,wet,C2,#008080,^,20,0.6,7.74,121.2,22.0,11.54,1.13,520.0,0,2.5,1.0
232,J14,2009,dry,C2,#008080,^,20,0.6,7.76,90.7,24.5,24.4,1.51,460.0,0,2.5,1.0
233,J14,2009,wet,C2,#008080,^,20,0.6,8.28,136.04,21.5,12.44,1.28,537.5,0,5.0,1.0
234,J14,2010,dry,C2,#008080,^,20,0.6,7.45,140.99,22.0,9.78,1.09,560.0,0,1.25,1.0
235,J14,2010,wet,C2,#008080,^,20,0.6,8.37,137.69,22.0,11.42,1.04,517.5,0,3.78,1.0
236,J14,2011,dry,C2,#008080,^,20,0.6,7.4,141.81,23.0,11.34,1.04,565.0,0,2.5,1.0
237,J14,2011,wet,C2,#008080,^,20,0.6,7.72,121.41,23.13,12.5,1.56,526.42,0,1.4,1.0
238,J14,2012,dry,C2,#008080,^,20,0.6,7.63,133.95,34.21,15.17,1.6,601.66,0,2.8,5.0
239,J14,2012,wet,C2,#008080,^,20,0.6,7.7,125.33,22.81,13.6,1.55,555.69,0,2.8,1.0
240,J14,2013,dry,C2,#008080,^,20,0.6,7.35,137.88,23.82,11.75,1.82,601.37,0,2.93,1.0
241,J14,2013,wet,C2,#008080,^,20,0.6,7.14,139.48,23.34,11.2,2.42,586.68,0,1.27,5.84
242,J14,2014,dry,C2,#008080,^,20,0.6,7.3,137.19,26.12,13.29,1.49,599.27,0,2.78,1.0
243,J14,2014,wet,C2,#008080,^,20,0.6,7.57,137.88,24.31,12.49,1.74,570.72,0,2.78,1.0
244,J15,1992,dry,C2,#008080,^,20,0.6,7.0,107.2,25.5,9.7,2.4,490.0,0,3.8,0.0075
245,J15,1992,wet,C2,#008080,^,20,0.6,7.1,111.3,24.5,8.0,2.8,485.0,0,3.8,2.5
246,J15,1993,dry,C2,#008080,^,20,0.6,7.3,111.3,24.0,8.6,2.4,492.5,0,3.8,0.0075
247,J15,1993,wet,C2,#008080,^,20,0.6,7.6,97.3,24.0,8.0,2.0,447.5,0,3.8,7.5
248,J15,1994,dry,C2,#008080,^,20,0.6,7.1,111.3,23.0,8.0,1.9,492.5,0,5.0,2.5
249,J15,1994,wet,C2,#008080,^,20,0.6,7.3,111.3,25.5,8.2,2.2,485.0,0,7.5,2.5
250,J15,1995,dry,C2,#008080,^,20,0.6,7.3,99.8,34.0,8.9,2.17,487.5,0,6.2,5.0
251,J15,1995,wet,C2,#008080,^,20,0.6,7.3,113.0,23.5,7.2,2.2,482.7,0,6.3,2.5
252,J15,1996,dry,C2,#008080,^,20,0.6,7.3,112.13,25.0,8.9,3.0,490.02,0,3.75,5.0
253,J15,1996,wet,C2,#008080,^,20,0.6,7.1,113.78,22.0,8.3,2.5,480.02,0,3.75,1.0
254,J15,1997,dry,C2,#008080,^,20,0.6,7.06,112.96,22.5,7.55,2.01,477.52,0,3.75,1.0
255,J15,1997,wet,C2,#008080,^,20,0.6,7.48,112.96,24.0,7.14,2.05,485.02,0,2.5,1.0
256,J15,1998,dry,C2,#008080,^,20,0.6,7.34,115.43,23.5,8.7,2.7,495.02,0,2.5,1.0
257,J15,1998,wet,C2,#008080,^,20,0.6,7.34,108.01,26.0,6.47,2.14,482.52,0,2.5,1.0
258,J15,1999,dry,C2,#008080,^,20,0.6,7.02,115.43,22.5,8.0,2.3,490.02,0,2.5,1.0
259,J15,1999,wet,C2,#008080,^,20,0.6,7.33,112.96,23.0,8.0,2.0,485.02,0,3.75,1.0
260,J15,2000,dry,C2,#008080,^,20,0.6,7.53,114.61,22.5,6.88,2.0,480.02,0,5.0,2.0
261,J15,2000,wet,C2,#008080,^,20,0.6,7.59,113.78,23.0,8.0,2.15,485.02,0,5.0,1.0
262,J15,2001,dry,C2,#008080,^,20,0.6,8.09,112.96,23.0,9.23,2.0,442.52,0,2.5,1.0
263,J15,2001,wet,C2,#008080,^,20,0.6,8.11,114.61,22.5,7.86,2.2,460.02,0,6.25,1.0
264,J15,2002,dry,C2,#008080,^,20,0.6,7.32,108.01,22.5,7.638,2.135,445.02,0,8.75,0.4
265,J15,2002,wet,C2,#008080,^,20,0.6,7.71,78.33,27.5,8.24,2.39,382.52,0,5.0,0.5
266,J15,2003,dry,C2,#008080,^,20,0.6,7.44,113.78,23.0,7.39,2.14,480.02,0,7.5,0.4
267,J15,2003,wet,C2,#008080,^,20,0.6,8.2,118.73,18.0,8.35,2.09,450.02,0,6.25,1.0
268,J15,2004,dry,C2,#008080,^,20,0.6,8.18,103.89,22.5,8.48,1.9,452.52,0,5.0,1.0
269,J15,2004,wet,C2,#008080,^,20,0.6,8.22,113.78,23.5,7.77,2.1,460.02,0,3.75,1.0
270,J15,2005,dry,C2,#008080,^,20,0.6,7.51,116.25,23.0,8.84,2.85,495.0,0,3.75,3.0
271,J15,2005,wet,C2,#008080,^,20,0.6,7.6,106.36,21.5,7.61,1.97,432.5,0,6.25,0.4
272,J15,2006,dry,C2,#008080,^,20,0.6,7.64,115.43,23.0,7.28,2.01,480.0,0,3.75,1.0
273,J15,2006,wet,C2,#008080,^,20,0.6,7.45,95.64,23.0,7.65,2.18,382.5,0,20.0,1.0
274,J15,2007,dry,C2,#008080,^,20,0.6,8.08,114.61,23.0,7.38,1.93,475.0,0,3.75,1.0
275,J15,2007,wet,C2,#008080,^,20,0.6,7.68,74.2,22.0,7.39,1.81,357.5,0,5.0,1.0
276,J15,2008,dry,C2,#008080,^,20,0.6,7.63,126.15,21.5,8.03,2.17,482.5,0,2.5,2.0
277,J15,2008,wet,C2,#008080,^,20,0.6,7.47,109.66,22.5,7.49,2.03,472.5,0,5.0,1.0
278,J15,2009,dry,C2,#008080,^,20,0.6,7.86,107.19,22.5,8.86,1.55,470.0,0,6.25,1.0
279,J15,2009,wet,C2,#008080,^,20,0.6,7.73,127.8,40.0,15.59,4.15,647.5,0,6.25,1.0
280,J15,2010,dry,C2,#008080,^,20,0.6,7.73,116.25,23.0,5.26,1.7,487.5,0,2.5,1.0
281,J15,2010,wet,C2,#008080,^,20,0.6,7.74,117.08,25.0,7.86,1.82,480.0,0,10.0,1.0
282,J15,2011,dry,C2,#008080,^,20,0.6,7.55,118.73,23.5,7.46,1.77,495.0,0,2.5,1.0
283,J15,2011,wet,C1,#808000,s,20,0.6,7.95,99.62,26.43,8.29,2.5,463.0,0,1.4,1.0
284,J15,2012,dry,C2,#008080,^,20,0.6,7.65,115.93,30.41,10.6,2.5,529.46,0,2.8,5.0
285,J15,2012,wet,C2,#008080,^,20,0.6,7.76,115.15,24.71,9.65,2.64,526.13,0,5.6,1.0
286,J15,2013,wet,C2,#008080,^,20,0.6,7.5,121.84,23.82,8.3,3.68,518.83,0,3.39,0.0075
287,J15,2014,dry,C2,#008080,^,20,0.6,7.18,115.65,26.12,9.52,2.31,524.36,0,2.78,0.4
288,J15,2014,wet,C2,#008080,^,20,0.6,7.81,102.6,25.28,12.06,2.28,461.43,0,2.78,1.0
289,J16,1992,dry,C4,#0082c8,s,20,0.6,7.8,67.6,19.0,22.0,0.8,367.5,0,1.2,1.0
290,J16,1992,wet,C4,#0082c8,s,20,0.6,7.2,69.2,18.5,19.6,0.8,365.0,0,1.2,2.5
291,J16,1994,wet,C4,#0082c8,s,20,0.6,7.3,68.4,18.0,22.6,0.6,357.5,0,1.2,2.5
292,J16,1995,dry,C4,#0082c8,s,20,0.6,7.3,70.1,19.5,21.1,0.55,362.5,0,3.8,5.0
293,J16,1995,wet,C4,#0082c8,s,20,0.6,7.3,71.7,20.5,20.0,0.9,360.2,0,1.3,0.3
294,J16,1996,dry,C4,#0082c8,s,20,0.6,7.6,70.08,19.5,20.0,1.1,362.52,0,1.25,2.0
295,J16,1996,wet,C4,#0082c8,s,20,0.6,7.6,75.03,16.0,17.7,0.5,360.02,0,3.75,1.0
296,J16,1997,dry,C4,#0082c8,s,20,0.6,7.55,70.08,19.0,21.8,0.54,355.02,0,1.25,1.0
297,J16,1998,dry,C4,#0082c8,s,20,0.6,7.12,68.43,19.0,30.4,1.2,367.52,0,1.25,4.0
298,J16,1998,wet,C4,#0082c8,s,20,0.6,7.24,67.61,19.0,18.6,0.7,360.02,0,2.5,4.0
299,J16,1999,dry,C4,#0082c8,s,20,0.6,7.24,70.08,19.5,21.0,1.0,362.52,0,1.25,0.8
300,J16,1999,wet,C4,#0082c8,s,20,0.6,7.78,70.08,18.0,21.8,0.8,357.52,0,2.5,1.0
301,J16,2000,dry,C4,#0082c8,s,20,0.6,7.57,71.73,19.5,21.88,0.69,375.02,0,1.25,1.0
302,J16,2000,wet,C4,#0082c8,s,20,0.6,7.65,68.43,19.0,20.0,0.8,352.52,0,1.25,1.0
303,J16,2001,dry,C4,#0082c8,s,20,0.6,7.7,69.26,19.0,21.67,0.71,360.02,0,2.5,1.0
304,J16,2001,wet,C4,#0082c8,s,20,0.6,8.43,63.49,19.5,21.54,0.91,310.02,0,3.75,1.0
305,J16,2002,dry,C4,#0082c8,s,20,0.6,7.98,61.01,18.5,20.184,1.471,317.52,0,2.5,0.2
306,J16,2002,wet,C4,#0082c8,s,20,0.6,8.09,51.12,25.5,20.75,1.01,297.51,0,2.5,0.5
307,J16,2003,dry,C4,#0082c8,s,20,0.6,7.48,68.54,19.5,20.54,0.8,360.02,0,5.0,0.6
308,J16,2003,wet,C4,#0082c8,s,20,0.6,8.24,67.61,17.5,21.87,0.76,320.02,0,3.75,1.0
309,J16,2004,dry,C4,#0082c8,s,20,0.6,8.45,56.89,24.5,20.72,0.68,322.52,0,1.25,1.0
310,J16,2004,wet,C4,#0082c8,s,20,0.6,8.24,54.42,18.5,21.08,0.73,287.51,0,1.25,0.5
311,J16,2005,dry,C4,#0082c8,s,20,0.6,7.72,70.08,20.5,22.5,0.7,380.0,0,1.25,0.6
312,J16,2005,wet,C4,#0082c8,s,20,0.6,8.2,61.84,20.0,20.67,0.73,330.0,0,3.75,0.2
313,J16,2006,dry,C4,#0082c8,s,20,0.6,7.91,68.43,18.5,18.76,0.69,350.0,0,1.25,1.0
314,J16,2006,wet,C4,#0082c8,s,20,0.6,8.41,53.59,27.0,21.34,0.75,310.0,0,1.25,1.0
315,J16,2007,dry,C4,#0082c8,s,20,0.6,8.41,69.26,18.0,20.09,0.74,337.5,0,1.25,1.0
316,J16,2007,wet,C4,#0082c8,s,20,0.6,7.96,68.43,17.5,19.67,0.64,355.0,0,1.25,1.0
317,J16,2008,dry,C4,#0082c8,s,20,0.6,7.81,69.26,28.5,20.24,0.84,347.5,0,1.25,1.0
318,J16,2008,wet,C4,#0082c8,s,20,0.6,7.29,67.61,19.0,20.78,0.72,352.5,0,1.25,1.0
319,J16,2009,dry,C4,#0082c8,s,20,0.6,7.6,61.84,15.0,37.7,1.36,370.0,0,3.75,1.0
320,J16,2009,wet,C4,#0082c8,s,20,0.6,8.46,61.01,22.0,22.0,0.9,335.0,0,1.25,1.0
321,J16,2010,dry,C4,#0082c8,s,20,0.6,7.47,68.43,18.5,20.83,0.96,365.0,0,1.25,1.0
322,J16,2010,wet,C4,#0082c8,s,20,0.6,8.25,68.43,18.5,19.06,0.72,335.0,0,1.25,1.0
323,J16,2011,dry,C4,#0082c8,s,20,0.6,7.51,69.26,19.5,19.58,0.71,357.5,0,1.25,1.0
324,J16,2011,wet,C4,#0082c8,s,20,0.6,8.24,62.26,19.83,22.39,1.13,317.12,0,1.4,1.0
325,J16,2012,dry,C1,#808000,s,20,0.6,7.8,65.8,23.76,23.13,1.42,379.04,0,2.8,1.0
326,J16,2012,wet,C4,#0082c8,s,20,0.6,7.81,63.45,19.95,25.76,1.04,366.52,0,2.8,1.0
327,J16,2013,dry,C4,#0082c8,s,20,0.6,7.96,68.94,18.48,22.49,1.41,377.33,0,2.93,0.5
328,J16,2013,wet,C5,#FA8072,^,20,0.6,8.06,72.95,15.56,20.75,1.81,329.34,0,0.8,6.24
329,J16,2014,dry,C4,#0082c8,s,20,0.6,7.87,67.0,18.87,23.58,0.98,374.54,0,1.39,1.0
330,J16,2014,wet,C5,#FA8072,^,20,0.6,7.86,69.74,18.48,46.35,1.33,340.0,0,2.78,50.0
331,J17,1992,dry,C5,#FA8072,^,20,0.6,7.9,62.7,18.5,46.4,3.0,392.5,0,3.8,5.0
332,J17,1993,dry,C4,#0082c8,s,20,0.6,7.4,59.4,17.0,40.0,2.0,375.0,0,5.0,5.0
333,J17,1994,dry,C4,#0082c8,s,20,0.6,7.3,59.4,17.5,38.4,2.0,365.0,0,3.8,2.5
334,J17,1994,wet,C4,#0082c8,s,20,0.6,7.7,42.0,19.0,43.0,1.9,320.0,0,8.8,2.5
335,J17,1995,dry,C4,#0082c8,s,20,0.6,7.4,57.7,17.5,37.8,2.17,362.5,0,2.5,2.5
336,J17,1995,wet,C4,#0082c8,s,20,0.6,7.5,60.2,18.0,36.9,1.9,360.2,0,6.3,0.3
337,J17,1996,dry,C4,#0082c8,s,20,0.6,8.0,51.94,16.5,36.0,2.4,310.02,0,5.0,1.0
338,J17,1996,wet,C4,#0082c8,s,20,0.6,8.6,60.19,15.5,35.8,1.8,340.02,0,6.25,1.0
339,J17,1997,dry,C4,#0082c8,s,20,0.6,7.42,59.36,17.5,38.0,1.69,357.52,0,2.5,1.0
340,J17,1997,wet,C4,#0082c8,s,20,0.6,7.7,59.36,16.0,36.5,1.7,355.02,0,3.75,1.0
341,J17,1998,dry,C4,#0082c8,s,20,0.6,7.09,60.19,17.0,37.5,2.2,367.52,0,3.75,1.0
342,J17,1998,wet,C4,#0082c8,s,20,0.6,7.71,58.54,16.0,34.0,1.9,350.02,0,7.5,3.6
343,J17,1999,dry,C4,#0082c8,s,20,0.6,7.38,58.54,18.0,36.8,2.2,365.02,0,2.5,0.6
344,J17,1999,wet,C4,#0082c8,s,20,0.6,7.74,59.36,16.0,42.8,2.2,362.52,0,3.75,1.0
345,J17,2000,dry,C4,#0082c8,s,20,0.6,7.69,58.54,15.5,37.5,1.78,350.02,0,3.75,1.0
346,J17,2000,wet,C4,#0082c8,s,20,0.6,7.6,60.19,17.0,35.56,1.8,365.02,0,3.75,1.0
347,J17,2001,dry,C4,#0082c8,s,20,0.6,7.87,56.89,15.5,40.83,1.5,360.02,0,5.0,1.0
348,J17,2001,wet,C4,#0082c8,s,20,0.6,8.41,34.63,17.0,38.46,2.09,270.005,0,5.0,1.0
349,J17,2002,dry,C4,#0082c8,s,20,0.6,7.49,59.36,16.5,37.933,3.523,357.52,0,6.25,0.4
350,J17,2002,wet,C4,#0082c8,s,20,0.6,8.03,40.4,16.5,37.74,2.31,270.005,0,7.5,0.5
351,J17,2003,dry,C4,#0082c8,s,20,0.6,7.71,59.36,16.0,37.8,1.75,357.52,0,7.5,0.4
352,J17,2003,wet,C4,#0082c8,s,20,0.6,7.92,52.77,16.5,39.8,1.81,332.52,0,11.25,1.0
353,J17,2004,dry,C4,#0082c8,s,20,0.6,8.41,56.07,23.0,38.16,1.57,340.02,0,2.5,1.0
354,J17,2004,wet,C4,#0082c8,s,20,0.6,8.28,32.16,15.0,38.08,1.67,252.51,0,3.75,0.5
355,J17,2005,dry,C4,#0082c8,s,20,0.6,7.7,59.36,17.0,37.24,1.66,360.0,0,3.75,0.6
356,J17,2005,wet,C4,#0082c8,s,20,0.6,8.18,55.24,16.0,37.61,1.64,340.0,0,6.25,0.2
357,J17,2006,dry,C4,#0082c8,s,20,0.6,8.32,58.54,18.0,33.88,1.53,345.0,0,3.75,1.0
358,J17,2006,wet,C4,#0082c8,s,20,0.6,8.19,47.0,21.5,35.16,1.76,335.0,0,6.25,1.0
359,J17,2007,dry,C4,#0082c8,s,20,0.6,8.35,59.36,19.0,37.25,1.6,345.0,0,3.75,1.0
360,J17,2007,wet,C4,#0082c8,s,20,0.6,8.38,51.12,15.0,38.19,1.46,310.0,0,1.25,1.0
361,J17,2008,dry,C4,#0082c8,s,20,0.6,7.82,58.54,16.5,36.94,1.71,347.5,0,2.5,1.0
362,J17,2008,wet,C4,#0082c8,s,20,0.6,8.26,56.89,16.5,38.14,1.67,332.5,0,6.25,1.0
363,J17,2009,dry,C7,#e6194b,D,20,0.6,7.02,123.68,52.5,12.74,4.11,765.0,0,6.25,1.0
364,J17,2009,wet,C4,#0082c8,s,20,0.6,8.45,48.65,19.0,38.98,1.9,325.0,0,6.25,1.0
365,J17,2010,dry,C4,#0082c8,s,20,0.6,7.79,57.71,17.0,37.01,1.74,360.0,0,3.75,1.0
366,J17,2010,wet,C4,#0082c8,s,20,0.6,8.19,53.39,17.5,34.08,1.52,325.0,0,3.75,1.0
367,J17,2011,dry,C4,#0082c8,s,20,0.6,7.68,52.77,21.0,48.15,0.74,400.0,0,1.25,1.0
368,J17,2011,wet,C4,#0082c8,s,20,0.6,7.76,54.48,16.99,36.89,2.15,355.18,0,5.59,1.0
369,J17,2012,dry,C4,#0082c8,s,20,0.6,7.76,56.4,24.71,38.51,2.73,397.09,0,2.8,1.0
370,J17,2012,wet,C4,#0082c8,s,20,0.6,7.93,54.05,15.2,39.0,2.19,348.79,0,5.6,1.0
371,J17,2013,dry,C4,#0082c8,s,20,0.6,8.05,59.32,17.5,38.32,2.67,389.12,0,2.93,1.0
372,J17,2013,wet,C5,#FA8072,^,20,0.6,8.07,59.32,19.45,47.28,1.96,364.63,0,0.94,8.96
373,J17,2014,dry,C4,#0082c8,s,20,0.6,7.5,57.42,17.9,38.89,1.86,374.54,0,5.56,1.0
374,J17,2014,wet,C4,#0082c8,s,20,0.6,7.93,46.49,17.99,37.98,2.32,315.72,0,5.56,1.0
375,J18,1993,dry,C2,#008080,^,20,0.6,6.9,162.4,49.0,18.4,5.4,882.5,0,0.01,2.5
376,J18,1993,wet,C7,#e6194b,D,20,0.6,7.3,122.0,46.0,16.4,4.3,687.5,0,1.2,2.5
377,J18,1994,wet,C7,#e6194b,D,20,0.6,7.1,160.8,52.5,17.9,5.7,925.0,0,2.5,2.5
378,J18,1998,wet,C7,#e6194b,D,20,0.6,7.24,115.43,48.5,12.3,4.3,732.54,0,1.25,1.0
379,J18,1999,dry,C7,#e6194b,D,20,0.6,7.24,115.43,48.5,12.3,4.3,732.54,0,1.25,1.0
380,J18,1999,wet,C7,#e6194b,D,20,0.6,7.34,122.85,45.0,14.9,4.5,760.04,0,2.5,1.0
381,J18,2000,dry,C7,#e6194b,D,20,0.6,6.94,140.99,52.0,17.35,4.72,880.04,0,5.0,1.0
382,J18,2000,wet,C7,#e6194b,D,20,0.6,7.17,122.85,44.5,13.33,4.0,707.54,0,1.25,1.0
383,J18,2001,dry,C7,#e6194b,D,20,0.6,8.01,119.55,43.0,14.17,3.93,650.03,0,5.0,1.0
384,J18,2001,wet,C7,#e6194b,D,20,0.6,7.5,117.9,46.0,13.85,4.91,652.53,0,1.25,1.0
385,J18,2002,dry,C7,#e6194b,D,20,0.6,7.26,148.41,44.0,14.935,5.899,740.04,0,6.25,0.4
386,J18,2002,wet,C2,#008080,^,20,0.6,8.05,98.94,46.0,12.43,3.52,495.02,0,1.25,0.5
387,J18,2003,dry,C2,#008080,^,20,0.6,7.55,120.38,42.0,11.89,3.56,670.03,0,5.0,0.2
388,J18,2003,wet,C7,#e6194b,D,20,0.6,7.9,113.78,42.5,13.13,3.68,652.53,0,3.75,1.0
389,J18,2004,dry,C7,#e6194b,D,20,0.6,8.23,112.96,43.0,11.96,2.63,622.53,0,2.5,1.0
390,J18,2004,wet,C7,#e6194b,D,20,0.6,8.22,85.75,40.0,11.77,3.23,535.03,0,1.25,0.5
391,J18,2005,dry,C7,#e6194b,D,20,0.6,7.45,122.03,40.5,11.84,3.0,662.5,0,1.25,0.6
392,J18,2005,wet,C7,#e6194b,D,20,0.6,8.12,112.96,41.0,10.95,2.97,620.0,0,3.75,0.2
393,J18,2006,dry,C7,#e6194b,D,20,0.6,8.41,119.55,40.5,10.21,2.97,620.0,0,7.5,1.0
394,J18,2006,wet,C7,#e6194b,D,20,0.6,8.28,84.92,57.0,10.33,2.8,585.0,0,6.25,1.0
395,J18,2007,dry,C1,#808000,s,20,0.6,7.83,118.83,42.0,15.54,2.88,575.0,0,25.0,1.0
396,J18,2007,wet,C7,#e6194b,D,20,0.6,7.83,118.73,39.5,14.14,4.18,642.5,0,3.75,2.0
397,J18,2008,dry,C7,#e6194b,D,20,0.6,7.16,132.74,40.0,15.93,3.98,682.5,0,2.5,1.0
398,J18,2008,wet,C7,#e6194b,D,20,0.6,7.28,117.9,40.5,9.86,2.79,630.0,0,2.5,1.0
399,J18,2009,dry,C7,#e6194b,D,20,0.6,7.39,145.11,53.5,20.23,3.99,845.0,0,7.5,1.0
400,J18,2009,wet,C7,#e6194b,D,20,0.6,8.29,127.7,40.5,13.22,3.47,667.5,0,5.0,1.0
401,J19,1993,wet,C2,#008080,^,20,0.6,7.5,124.5,34.0,13.6,1.4,577.5,0,1.2,2.5
402,J19,1995,dry,C2,#008080,^,20,0.6,7.1,128.6,33.0,13.3,2.66,597.5,0,1.2,2.5
403,J19,1996,dry,C2,#008080,^,20,0.6,7.1,134.39,30.0,15.6,2.2,600.03,0,2.5,0.0075
404,J19,1996,wet,C2,#008080,^,20,0.6,7.0,136.87,31.0,14.0,2.4,600.03,0,1.25,1.0
405,J19,1997,dry,C2,#008080,^,20,0.6,7.29,135.22,27.5,12.73,2.29,585.03,0,1.25,3.0
406,J19,1997,wet,C2,#008080,^,20,0.6,7.6,130.27,30.5,12.41,2.14,587.53,0,0.01,1.0
407,J19,1998,dry,C2,#008080,^,20,0.6,7.13,135.22,30.0,14.3,2.7,590.03,0,1.25,1.0
408,J19,1998,wet,C2,#008080,^,20,0.6,7.54,124.5,40.0,11.7,2.2,577.53,0,2.5,3.2
409,J19,1999,dry,C2,#008080,^,20,0.6,7.59,126.97,29.5,14.5,1.4,565.03,0,1.25,1.0
410,J19,1999,wet,C2,#008080,^,20,0.6,7.5,133.57,29.0,16.2,2.0,597.53,0,1.25,1.0
411,J19,2000,dry,C2,#008080,^,20,0.6,7.84,121.2,28.0,13.12,1.78,545.03,0,1.25,1.0
412,J19,2000,wet,C2,#008080,^,20,0.6,7.74,106.36,32.0,14.44,1.7,520.03,0,1.25,1.0
413,J19,2001,dry,C2,#008080,^,20,0.6,7.43,134.39,28.5,14.62,1.82,590.03,0,1.25,1.0
414,J19,2001,wet,C2,#008080,^,20,0.6,7.54,131.1,29.5,13.57,1.9,572.53,0,2.5,1.0
415,J19,2002,dry,C2,#008080,^,20,0.6,7.22,90.69,29.0,13.435,2.038,440.02,0,6.25,0.4
416,J19,2002,wet,C2,#008080,^,20,0.6,7.51,89.87,28.5,14.58,2.016,445.02,0,3.75,0.5
417,J19,2003,dry,C2,#008080,^,20,0.6,7.49,135.22,28.0,13.62,1.87,590.03,0,6.25,0.2
418,J19,2003,wet,C2,#008080,^,20,0.6,7.39,112.13,29.0,14.93,1.83,510.03,0,2.5,2.0
419,J19,2004,dry,C2,#008080,^,20,0.6,7.88,102.24,29.0,14.14,1.59,485.02,0,1.25,1.0
420,J19,2004,wet,C2,#008080,^,20,0.6,7.98,111.31,32.0,13.93,1.86,520.03,0,1.25,1.0
421,J19,2005,dry,C2,#008080,^,20,0.6,7.75,136.04,28.5,14.66,2.7,590.0,0,1.25,2.0
422,J19,2005,wet,C2,#008080,^,20,0.6,7.59,76.68,29.0,14.0,1.73,410.0,0,2.5,0.2
423,J19,2006,dry,C2,#008080,^,20,0.6,7.63,135.22,28.5,13.36,1.7,582.5,0,1.25,1.0
424,J19,2006,wet,C1,#808000,s,20,0.6,8.2,93.99,44.5,11.53,2.33,517.5,0,2.5,1.0
425,J19,2007,dry,C2,#008080,^,20,0.6,7.51,135.22,28.0,15.73,1.66,600.0,0,1.25,1.0
426,J19,2007,wet,C2,#008080,^,20,0.6,7.7,121.2,32.0,11.15,1.93,567.5,0,1.25,1.0
427,J19,2008,dry,C2,#008080,^,20,0.6,8.2,131.1,29.0,11.33,2.23,555.0,0,1.25,1.0
428,J19,2008,wet,C2,#008080,^,20,0.6,7.42,125.32,32.0,11.98,2.09,567.5,0,1.25,1.0
429,J19,2009,dry,C3,#3cb44b,o,20,0.6,7.5,71.73,10.0,14.3,0.5,260.0,0,15.0,14.0
430,J19,2009,wet,C2,#008080,^,20,0.6,8.12,92.34,35.0,8.31,2.08,462.5,0,8.75,1.0
431,J19,2010,dry,C2,#008080,^,20,0.6,7.68,133.57,28.0,9.95,2.04,575.0,0,1.25,1.0
432,J19,2010,wet,C2,#008080,^,20,0.6,7.33,144.29,30.5,13.58,1.63,592.5,0,6.25,1.0
433,J19,2011,dry,C2,#008080,^,20,0.6,7.53,136.04,28.0,10.24,1.93,580.0,0,1.25,1.0
434,J19,2011,wet,C2,#008080,^,20,0.6,7.66,131.3,29.27,12.63,2.73,596.19,0,4.19,1.0
435,J19,2012,dry,C2,#008080,^,20,0.6,7.75,131.6,37.06,13.16,3.24,601.66,0,2.8,1.0
436,J19,2012,wet,C2,#008080,^,20,0.6,7.75,98.7,26.61,16.48,2.25,496.58,0,5.6,1.0
437,J19,2013,dry,C2,#008080,^,20,0.6,7.6,128.26,26.25,14.44,1.31,583.68,0,2.93,1.0
438,J19,2013,wet,C2,#008080,^,20,0.6,7.46,133.07,23.34,13.37,1.75,542.41,0,1.18,0.0075
439,J19,2014,dry,C2,#008080,^,20,0.6,7.33,139.58,29.99,16.11,2.05,636.72,0,2.78,1.0
440,J19,2014,wet,C2,#008080,^,20,0.6,7.65,72.14,29.17,14.93,2.5,400.72,0,2.78,1.0
441,J2,1992,dry,C3,#3cb44b,o,20,0.6,7.3,56.1,27.5,36.4,1.0,390.0,0,2.5,7.5
442,J2,1992,wet,C5,#FA8072,^,20,0.6,7.3,59.4,27.0,27.5,1.3,395.0,0,3.8,10.0
443,J2,1993,dry,C5,#FA8072,^,20,0.6,7.5,61.8,30.0,28.0,1.1,397.5,0,1.2,5.0
444,J2,1993,wet,C5,#FA8072,^,20,0.6,7.9,53.6,26.5,28.0,1.3,360.0,0,1.2,2.5
445,J2,1994,dry,C5,#FA8072,^,20,0.6,7.5,57.7,28.0,27.3,1.0,395.0,0,1.2,7.5
446,J2,1994,wet,C5,#FA8072,^,20,0.6,7.5,59.4,28.0,30.0,1.5,380.0,0,1.2,7.5
447,J2,1995,dry,C5,#FA8072,^,20,0.6,7.3,57.7,28.5,30.0,1.26,380.0,0,6.2,10.0
448,J2,1995,wet,C5,#FA8072,^,20,0.6,7.3,60.2,28.0,31.4,1.6,387.7,0,2.5,12.5
449,J2,1996,dry,C5,#FA8072,^,20,0.6,7.7,58.54,31.0,29.0,1.3,382.52,0,2.5,18.0
450,J2,1996,wet,C5,#FA8072,^,20,0.6,7.4,61.84,27.5,27.7,1.15,377.52,0,5.0,10.0
451,J2,1997,dry,C5,#FA8072,^,20,0.6,7.4,60.19,27.0,28.65,1.05,375.02,0,2.5,10.0
452,J2,1997,wet,C5,#FA8072,^,20,0.6,8.4,42.05,26.0,26.9,1.07,310.02,0,1.25,7.0
453,J2,1998,dry,C4,#0082c8,s,20,0.6,6.97,57.72,27.5,29.8,1.2,387.52,0,2.5,2.0
454,J2,1998,wet,C5,#FA8072,^,20,0.6,6.71,31.33,24.0,28.93,1.11,275.01,0,2.5,7.2
455,J2,1999,dry,C5,#FA8072,^,20,0.6,7.31,57.72,26.5,28.8,1.4,377.52,0,5.0,18.0
456,J2,1999,wet,C5,#FA8072,^,20,0.6,8.15,57.72,26.5,30.0,1.2,355.02,0,3.75,10.0
457,J2,2000,dry,C5,#FA8072,^,20,0.6,7.3,57.72,26.5,28.24,1.25,370.02,0,1.25,16.8
458,J2,2000,wet,C5,#FA8072,^,20,0.6,8.16,55.24,26.5,24.17,1.89,357.52,0,3.75,6.0
459,J2,2001,dry,C5,#FA8072,^,20,0.6,7.31,58.54,29.0,28.57,1.25,377.52,0,2.5,6.0
460,J2,2001,wet,C5,#FA8072,^,20,0.6,7.34,60.19,27.0,28.0,1.25,372.52,0,3.75,5.0
461,J2,2002,dry,C5,#FA8072,^,20,0.6,7.54,49.47,26.5,30.419,1.8,350.02,0,5.0,10.0
462,J2,2002,wet,C5,#FA8072,^,20,0.6,7.7,55.24,26.5,24.17,1.89,357.52,0,3.75,6.0
463,J2,2003,dry,C5,#FA8072,^,20,0.6,7.69,61.01,27.0,28.08,1.42,385.02,0,6.25,8.0
464,J2,2003,wet,C5,#FA8072,^,20,0.6,7.89,51.12,25.5,30.17,1.17,347.52,0,3.75,6.0
465,J2,2004,dry,C5,#FA8072,^,20,0.6,8.3,55.24,28.5,28.25,1.05,345.02,0,2.5,10.0
466,J2,2005,dry,C5,#FA8072,^,20,0.6,7.74,58.54,27.5,28.83,1.1,380.0,0,1.25,6.0
467,J2,2005,wet,C5,#FA8072,^,20,0.6,8.35,50.29,26.5,26.93,1.1,315.0,0,1.25,14.0
468,J2,2006,dry,C5,#FA8072,^,20,0.6,8.58,61.84,25.5,27.22,1.01,362.5,0,1.25,13.0
469,J2,2006,wet,C4,#0082c8,s,20,0.6,8.28,54.42,27.5,27.74,1.12,352.5,0,6.25,1.0
470,J2,2007,dry,C4,#0082c8,s,20,0.6,8.34,57.71,27.0,28.35,1.08,365.0,0,1.25,4.0
471,J2,2007,wet,C5,#FA8072,^,20,0.6,8.65,44.52,26.0,27.82,1.0,317.5,0,1.25,10.0
472,J2,2008,dry,C5,#FA8072,^,20,0.6,8.39,59.36,26.0,27.26,1.27,365.0,0,1.25,5.0
473,J2,2008,wet,C5,#FA8072,^,20,0.6,8.41,57.71,26.0,27.74,1.29,357.5,0,2.5,8.0
474,J2,2009,dry,C2,#008080,^,20,0.6,7.32,136.87,24.0,12.09,0.88,570.0,0,1.25,1.0
475,J2,2009,wet,C2,#008080,^,20,0.6,7.78,80.8,29.5,16.94,1.0,425.0,0,15.0,1.0
476,J2,2010,dry,C1,#808000,s,20,0.6,6.9,115.43,29.0,19.45,1.49,510.0,0,15.0,6.0
477,J2,2010,wet,C2,#008080,^,20,0.6,7.37,84.1,41.0,11.96,1.57,445.0,0,25.0,1.0
478,J2,2011,dry,C1,#808000,s,20,0.6,6.94,136.04,29.5,18.39,1.21,512.5,0,43.75,4.0
479,J2,2011,wet,C2,#008080,^,20,0.6,7.57,109.73,32.57,16.1,1.33,532.76,0,11.17,1.0
480,J2,2012,dry,C1,#808000,s,20,0.6,7.72,114.37,33.26,21.62,2.2,541.49,0,14.0,10.0
481,J2,2012,wet,C1,#808000,s,20,0.6,7.67,117.5,31.36,31.52,1.87,567.52,0,19.59,25.0
482,J2,2013,dry,C1,#808000,s,20,0.6,8.1,116.23,30.14,20.28,2.05,565.99,0,13.18,0.5
483,J2,2013,wet,C1,#808000,s,20,0.6,7.35,128.26,26.74,20.17,2.85,570.47,0,15.45,11.8
484,J2,2014,dry,C1,#808000,s,20,0.6,7.37,114.85,29.99,20.98,1.6,549.33,0,11.12,4.0
485,J2,2014,wet,C1,#808000,s,20,0.6,7.54,86.57,30.63,23.68,2.11,406.79,0,25.03,4.8
486,J20,1992,wet,C2,#008080,^,20,0.6,7.5,134.4,31.5,15.0,1.1,615.0,0,1.2,2.5
487,J20,1993,dry,C2,#008080,^,20,0.6,7.1,139.3,29.5,15.8,1.0,625.0,0,1.2,2.5
488,J20,1993,wet,C2,#008080,^,20,0.6,7.6,131.1,30.5,15.5,1.1,597.5,0,1.2,2.5
489,J20,1994,dry,C2,#008080,^,20,0.6,7.6,103.1,30.0,15.3,1.3,512.5,0,2.5,5.0
490,J20,1994,wet,C2,#008080,^,20,0.6,7.0,137.7,29.5,17.5,1.7,610.0,0,1.2,2.5
491,J20,1995,dry,C2,#008080,^,20,0.6,7.0,140.2,29.0,14.7,0.7,620.0,0,2.5,7.5
492,J20,1995,wet,C2,#008080,^,20,0.6,7.1,141.0,33.0,19.3,1.4,610.3,0,3.8,2.5
493,J20,2001,wet,C2,#008080,^,20,0.6,7.36,126.97,28.5,15.0,1.11,585.03,0,3.75,1.0
494,J20,2002,dry,C2,#008080,^,20,0.6,7.3,136.04,28.0,16.015,1.498,592.53,0,6.25,0.2
495,J20,2002,wet,C2,#008080,^,20,0.6,7.7,108.83,28.5,14.84,1.29,505.03,0,2.5,0.2
496,J20,2003,dry,C2,#008080,^,20,0.6,7.18,136.87,29.0,15.33,1.08,597.53,0,7.5,0.2
497,J20,2003,wet,C2,#008080,^,20,0.6,7.39,110.48,31.5,16.81,1.01,530.03,0,11.25,1.0
498,J20,2004,dry,C2,#008080,^,20,0.6,7.79,120.38,27.0,16.67,1.6,540.03,0,3.75,1.0
499,J20,2004,wet,C2,#008080,^,20,0.6,7.83,108.01,28.0,15.62,1.07,502.53,0,3.75,0.4
500,J20,2005,dry,C2,#008080,^,20,0.6,7.41,135.22,32.5,15.19,0.9,592.5,0,1.25,3.0
501,J20,2005,wet,C2,#008080,^,20,0.6,7.5,119.55,29.5,15.68,0.98,560.0,0,5.0,0.4
502,J20,2006,dry,C2,#008080,^,20,0.6,7.95,135.22,28.0,15.7,0.95,575.0,0,2.5,1.0
503,J20,2006,wet,C2,#008080,^,20,0.6,7.52,89.05,30.0,15.8,1.12,432.5,0,8.75,1.0
504,J20,2007,dry,C2,#008080,^,20,0.6,7.91,138.52,29.0,14.97,0.93,600.0,0,2.5,1.0
505,J20,2007,wet,C2,#008080,^,20,0.6,8.25,96.47,28.5,13.42,0.93,447.5,0,15.0,1.0
506,J20,2008,dry,C2,#008080,^,20,0.6,7.42,131.1,25.5,14.86,1.15,557.5,0,3.75,1.0
507,J20,2008,wet,C2,#008080,^,20,0.6,7.47,127.8,36.0,15.78,0.98,585.0,0,3.75,2.0
508,J20,2009,dry,C2,#008080,^,20,0.6,7.39,145.11,53.5,20.23,0.93,845.0,0,7.5,1.0
509,J20,2009,wet,C2,#008080,^,20,0.6,7.98,135.22,51.0,13.51,1.16,670.0,0,18.75,1.0
510,J20,2010,dry,C2,#008080,^,20,0.6,7.3,143.46,28.0,14.23,1.07,597.5,0,5.0,4.0
511,J20,2010,wet,C2,#008080,^,20,0.6,7.28,140.17,29.5,14.86,1.11,600.0,0,6.25,1.0
512,J20,2011,dry,C2,#008080,^,20,0.6,7.36,140.17,28.0,14.72,0.93,607.5,0,3.75,1.0
513,J20,2011,wet,C2,#008080,^,20,0.6,7.31,130.75,30.68,16.14,1.42,621.56,0,4.19,1.0
514,J20,2012,dry,C2,#008080,^,20,0.6,7.7,136.3,32.31,16.76,0.99,601.66,0,8.4,1.0
515,J20,2012,wet,C2,#008080,^,20,0.6,7.79,86.95,24.23,18.22,1.45,437.46,0,5.6,1.0
516,J20,2013,dry,C2,#008080,^,20,0.6,7.5,142.68,31.6,16.5,1.38,654.43,0,8.79,1.0
517,J20,2013,wet,C2,#008080,^,20,0.6,7.44,145.89,33.06,14.49,2.24,629.28,0,3.41,0.0075
518,J20,2014,dry,C2,#008080,^,20,0.6,7.72,141.17,32.9,17.54,1.24,667.93,0,5.56,0.4
519,J20,2014,wet,C2,#008080,^,20,0.6,7.44,144.28,32.58,17.24,1.42,649.65,0,5.56,1.0
520,J21,1992,dry,C7,#e6194b,D,20,0.6,7.3,156.6,41.0,21.1,4.4,772.5,0,1.2,2.5
521,J21,1992,wet,C7,#e6194b,D,20,0.6,7.0,167.4,46.0,18.0,3.5,840.0,0,1.2,1.0
522,J21,1993,dry,C7,#e6194b,D,20,0.6,7.7,144.3,44.0,21.0,3.4,757.5,0,1.2,2.5
523,J21,1993,wet,C2,#008080,^,20,0.6,7.5,138.5,44.5,19.0,3.4,722.5,0,0.01,0.0075
524,J21,1994,wet,C2,#008080,^,20,0.6,7.4,163.2,46.0,19.4,4.2,812.5,0,0.01,2.5
525,J21,1995,dry,C7,#e6194b,D,20,0.6,7.3,163.2,46.0,16.7,2.4,795.0,0,1.2,10.0
526,J21,1995,wet,C2,#008080,^,20,0.6,7.5,167.4,45.5,22.3,3.9,770.4,0,1.3,2.5
527,J21,1996,dry,C7,#e6194b,D,20,0.6,6.9,170.67,45.0,20.8,4.7,827.54,0,3.75,2.5
528,J21,1996,wet,C7,#e6194b,D,20,0.6,7.0,174.79,48.5,18.9,3.5,822.54,0,1.25,2.0
529,J21,1997,dry,C7,#e6194b,D,20,0.6,7.77,145.11,40.5,15.8,3.65,727.54,0,1.25,1.0
530,J21,1997,wet,C7,#e6194b,D,20,0.6,7.54,158.3,50.0,17.93,3.43,812.54,0,1.25,1.0
531,J21,1998,dry,C7,#e6194b,D,20,0.6,7.22,155.01,42.5,17.8,4.1,752.54,0,1.25,1.0
532,J21,1998,wet,C7,#e6194b,D,20,0.6,7.28,136.04,53.0,14.8,3.7,735.04,0,2.5,3.2
533,J21,1999,dry,C7,#e6194b,D,20,0.6,7.36,161.6,44.0,18.8,3.6,792.54,0,1.25,1.0
534,J21,1999,wet,C7,#e6194b,D,20,0.6,7.48,149.23,44.5,20.6,3.0,760.04,0,2.5,1.0
535,J21,2000,dry,C7,#e6194b,D,20,0.6,8.03,149.23,42.0,19.38,3.11,740.04,0,2.5,1.0
536,J21,2000,wet,C7,#e6194b,D,20,0.6,7.41,169.85,44.5,21.11,3.6,825.04,0,2.5,1.0
537,J21,2001,dry,C2,#008080,^,20,0.6,7.72,120.38,45.0,20.0,3.64,667.53,0,2.5,1.0
538,J21,2001,wet,C7,#e6194b,D,20,0.6,7.35,152.53,39.0,20.71,2.9,737.54,0,2.5,1.0
539,J21,2002,dry,C7,#e6194b,D,20,0.6,7.1,140.99,54.0,16.215,4.92,840.04,0,5.0,1.0
540,J21,2002,wet,C7,#e6194b,D,20,0.6,7.9,135.22,55.5,3.75,5.45,812.54,0,3.75,0.4
541,J21,2003,dry,C7,#e6194b,D,20,0.6,7.67,141.81,52.5,15.3,4.17,830.04,0,6.25,1.0
542,J21,2003,wet,C7,#e6194b,D,20,0.6,7.58,138.52,53.5,16.82,4.34,815.04,0,3.75,1.0
543,J21,2004,dry,C7,#e6194b,D,20,0.6,7.67,121.2,52.5,16.1,4.32,762.54,0,3.75,1.0
544,J21,2004,wet,C7,#e6194b,D,20,0.6,8.2,133.57,52.0,16.89,3.83,785.04,0,3.75,0.4
545,J21,2005,dry,C7,#e6194b,D,20,0.6,8.16,131.92,54.5,15.88,3.48,792.5,0,2.5,0.6
546,J21,2005,wet,C7,#e6194b,D,20,0.6,7.74,102.24,55.0,16.75,3.72,715.0,0,6.25,0.2
547,J21,2006,dry,C7,#e6194b,D,20,0.6,7.54,134.39,55.5,14.7,3.89,800.0,0,1.25,1.0
548,J21,2006,wet,C7,#e6194b,D,20,0.6,7.62,68.43,70.0,17.58,4.3,625.0,0,3.75,1.0
549,J21,2007,dry,C7,#e6194b,D,20,0.6,8.08,141.81,51.0,16.94,2.62,795.0,0,1.25,1.0
550,J21,2007,wet,C7,#e6194b,D,20,0.6,8.59,93.99,52.0,15.54,3.83,590.0,0,7.5,1.0
551,J21,2008,dry,C7,#e6194b,D,20,0.6,7.37,143.46,51.0,16.65,3.75,797.5,0,2.5,1.0
552,J21,2008,wet,C7,#e6194b,D,20,0.6,7.71,99.76,58.5,18.74,3.45,692.5,0,7.5,4.0
553,J21,2009,dry,C1,#808000,s,20,0.6,7.72,168.2,43.0,29.06,2.43,680.0,0,70.0,20.0
554,J21,2009,wet,C2,#008080,^,20,0.6,7.46,139.34,47.5,12.85,1.18,740.5,0,10.0,1.0
555,J21,2010,dry,C7,#e6194b,D,20,0.6,7.29,141.81,49.41,18.64,3.09,770.0,0,3.2,1.0
556,J21,2010,wet,C2,#008080,^,20,0.6,7.39,131.92,45.5,13.78,1.92,682.5,0,3.9,1.0
557,J21,2011,dry,C7,#e6194b,D,20,0.6,7.2,142.64,48.5,18.3,5.14,790.0,0,3.4,1.0
558,J21,2011,wet,C2,#008080,^,20,0.6,7.66,129.97,43.9,13.25,1.66,704.01,0,4.36,1.0
559,J21,2012,dry,C2,#008080,^,20,0.6,7.38,129.25,42.74,14.08,1.64,692.12,0,4.5,1.0
560,J21,2012,wet,C2,#008080,^,20,0.6,7.68,128.47,40.41,14.6,2.77,680.33,0,4.7,1.0
561,J21,2013,dry,C2,#008080,^,20,0.6,7.68,128.68,41.56,16.78,1.14,672.36,0,4.39,1.0
562,J21,2013,wet,C2,#008080,^,20,0.6,7.63,126.65,40.96,15.21,2.25,649.28,0,4.26,0.23
563,J21,2014,dry,C2,#008080,^,20,0.6,7.24,124.42,35.8,15.42,2.38,661.69,0,4.27,0.4
564,J21,2014,wet,C2,#008080,^,20,0.6,7.69,121.42,34.52,16.3,2.4,576.79,0,4.3,1.0
565,J22,1992,dry,C2,#008080,^,20,0.6,7.1,125.3,19.0,17.1,1.6,520.0,0,6.2,5.0
566,J22,1992,wet,C2,#008080,^,20,0.6,7.1,99.8,39.5,12.6,1.2,515.0,0,8.8,5.0
567,J22,1993,dry,C2,#008080,^,20,0.6,7.7,114.6,19.0,13.2,1.1,480.0,0,7.5,2.5
568,J22,1993,wet,C2,#008080,^,20,0.6,7.4,103.9,19.5,13.6,1.1,437.5,0,7.5,2.5
569,J22,1994,dry,C2,#008080,^,20,0.6,7.4,139.3,19.5,13.0,1.3,540.0,0,7.5,5.0
570,J22,1995,dry,C2,#008080,^,20,0.6,7.0,143.5,18.5,12.3,0.8,562.5,0,5.0,2.5
571,J22,1995,wet,C2,#008080,^,20,0.6,7.2,164.9,23.0,25.0,1.7,617.8,0,30.0,2.5
572,J22,1996,dry,C2,#008080,^,20,0.6,7.1,141.81,18.0,12.7,1.3,550.03,0,6.25,1.0
573,J22,1996,wet,C2,#008080,^,20,0.6,7.4,129.45,23.0,20.2,1.4,515.03,0,32.5,1.0
574,J22,1997,dry,C2,#008080,^,20,0.6,6.98,140.99,19.0,13.1,1.07,542.53,0,7.5,1.0
575,J22,1997,wet,C2,#008080,^,20,0.6,7.21,160.78,24.5,18.57,1.1,615.03,0,31.25,1.0
576,J22,1998,dry,C2,#008080,^,20,0.6,7.2,139.34,20.0,19.3,1.4,555.03,0,5.0,1.0
577,J22,1998,wet,C2,#008080,^,20,0.6,7.72,130.27,22.0,11.76,1.14,537.53,0,3.75,1.0
578,J22,1999,dry,C2,#008080,^,20,0.6,6.85,140.99,19.5,13.2,1.2,555.03,0,5.0,1.0
579,J22,1999,wet,C2,#008080,^,20,0.6,7.36,136.04,19.0,13.7,1.1,535.03,0,6.25,1.0
580,J22,2000,dry,C2,#008080,^,20,0.6,7.8,127.8,23.0,20.0,1.17,505.03,0,28.75,2.0
581,J22,2000,wet,C2,#008080,^,20,0.6,7.5,136.87,19.0,12.22,1.2,537.53,0,3.75,1.0
582,J22,2001,dry,C2,#008080,^,20,0.6,7.2,136.87,18.5,13.08,1.18,527.53,0,7.5,1.0
583,J22,2001,wet,C2,#008080,^,20,0.6,7.22,131.92,20.5,12.5,1.22,540.03,0,6.25,1.0
584,J22,2002,dry,C2,#008080,^,20,0.6,6.98,138.52,20.5,12.879,1.553,540.03,0,7.5,1.0
585,J22,2002,wet,C2,#008080,^,20,0.6,7.6,124.5,18.5,11.82,1.49,477.52,0,6.25,1.0
586,J22,2003,dry,C2,#008080,^,20,0.6,7.9,140.17,18.5,13.09,1.43,540.03,0,8.75,1.0
587,J22,2003,wet,C2,#008080,^,20,0.6,7.48,102.24,17.5,13.53,1.16,427.52,0,7.5,1.0
588,J22,2004,dry,C2,#008080,^,20,0.6,8.3,135.22,18.0,13.34,1.16,507.53,0,6.25,1.0
589,J22,2004,wet,C2,#008080,^,20,0.6,8.12,74.21,18.5,12.54,1.11,330.02,0,6.25,0.5
590,J22,2005,dry,C2,#008080,^,20,0.6,7.33,134.39,21.5,12.46,0.93,535.0,0,3.75,4.0
591,J22,2005,wet,C2,#008080,^,20,0.6,7.6,126.15,18.0,12.33,1.11,510.0,0,6.25,0.2
592,J22,2006,dry,C2,#008080,^,20,0.6,8.33,132.74,21.0,11.71,1.11,505.0,0,5.0,1.0
593,J22,2007,dry,C2,#008080,^,20,0.6,7.28,136.87,18.5,12.03,1.1,530.0,0,5.0,2.0
594,J22,2007,wet,C2,#008080,^,20,0.6,7.66,84.1,28.5,10.79,1.04,342.5,0,46.25,1.0
595,J22,2008,dry,C2,#008080,^,20,0.6,7.51,138.52,18.0,11.91,1.23,530.0,0,3.75,1.0
596,J22,2008,wet,C2,#008080,^,20,0.6,7.65,131.1,17.5,11.66,1.0,515.0,0,6.25,1.0
597,J22,2009,dry,C2,#008080,^,20,0.6,7.51,129.45,28.5,12.03,1.78,575.0,0,2.5,1.0
598,J22,2009,wet,C1,#808000,s,20,0.6,7.4,206.95,47.5,28.34,0.98,667.5,0,98.75,100.0
599,J22,2010,dry,C2,#008080,^,20,0.6,7.63,160.78,25.5,18.42,1.22,617.5,0,31.25,1.0
600,J22,2010,wet,C2,#008080,^,20,0.6,7.39,136.87,18.5,11.65,1.11,537.5,0,2.5,1.0
601,J22,2011,dry,C2,#008080,^,20,0.6,8.42,128.62,23.5,10.59,1.01,512.5,0,6.25,1.0
602,J22,2011,wet,C2,#008080,^,20,0.6,7.38,126.85,18.88,12.5,1.62,532.76,0,5.59,1.0
603,J22,2012,dry,C2,#008080,^,20,0.6,7.64,162.93,25.66,20.72,1.62,625.72,0,39.19,1.0
604,J22,2012,wet,C2,#008080,^,20,0.6,7.76,151.96,25.18,15.79,1.55,614.81,0,16.79,8.0
605,J22,2013,dry,C2,#008080,^,20,0.6,7.88,142.68,20.91,14.9,1.84,589.58,0,14.65,0.5
606,J22,2013,wet,C2,#008080,^,20,0.6,7.68,115.43,19.45,11.33,2.48,488.13,0,3.4,6.09
607,J22,2014,dry,C2,#008080,^,20,0.6,7.57,137.98,23.7,14.84,1.39,574.3,0,11.12,2.0
608,J22,2014,wet,C2,#008080,^,20,0.6,7.5,133.87,20.91,12.49,1.76,546.43,0,5.56,1.0
609,J23,1992,dry,C3,#3cb44b,o,20,0.6,7.1,55.2,8.5,23.7,6.9,205.0,0,21.2,50.0
610,J23,1992,wet,C2,#008080,^,20,0.6,7.9,37.1,35.0,16.0,2.2,340.0,0,1.2,2.5
611,J23,1993,dry,C2,#008080,^,20,0.6,6.9,154.2,38.0,17.1,2.3,732.5,0,2.5,2.5
612,J23,1993,wet,C2,#008080,^,20,0.6,7.1,152.5,37.5,17.7,2.1,715.0,0,1.2,2.5
613,J23,1994,wet,C2,#008080,^,20,0.6,7.1,153.4,40.0,18.1,2.7,720.0,0,1.2,2.5
614,J23,1995,dry,C2,#008080,^,20,0.6,7.4,153.4,38.5,16.4,1.5,730.0,0,2.5,5.0
615,J23,1995,wet,C2,#008080,^,20,0.6,7.0,156.7,38.0,21.5,2.9,707.9,0,1.3,2.5
616,J23,1996,dry,C2,#008080,^,20,0.6,7.1,153.36,38.0,17.3,2.4,707.54,0,3.75,1.0
617,J23,1996,wet,C2,#008080,^,20,0.6,7.0,152.53,46.5,18.3,2.3,720.04,0,1.25,1.0
618,J23,1997,wet,C2,#008080,^,20,0.6,7.29,148.41,40.0,15.71,2.2,700.03,0,1.25,1.0
619,J23,1998,dry,C2,#008080,^,20,0.6,7.57,142.64,37.5,22.5,2.4,685.03,0,3.75,1.0
620,J23,1998,wet,C2,#008080,^,20,0.6,7.14,140.99,36.5,15.88,2.29,665.03,0,2.5,1.0
621,J23,1999,dry,C2,#008080,^,20,0.6,7.41,146.76,37.0,17.5,2.5,680.03,0,3.75,1.0
622,J23,1999,wet,C2,#008080,^,20,0.6,7.71,129.45,36.0,18.6,1.9,632.53,0,5.0,1.0
623,J23,2000,dry,C2,#008080,^,20,0.6,7.33,146.76,36.5,16.25,2.38,687.53,0,3.75,1.0
624,J23,2000,wet,C7,#e6194b,D,20,0.6,7.88,151.71,37.5,16.67,2.1,712.54,0,5.0,1.0
625,J23,2001,dry,C2,#008080,^,20,0.6,7.5,148.41,36.0,19.23,2.18,700.03,0,5.0,1.0
626,J23,2001,wet,C2,#008080,^,20,0.6,6.95,168.2,39.5,18.33,1.88,757.54,0,7.5,1.0
627,J23,2002,dry,C2,#008080,^,20,0.6,7.0,134.39,38.0,17.422,3.734,627.53,0,6.25,0.2
628,J23,2002,wet,C2,#008080,^,20,0.6,7.5,137.69,36.5,16.48,2.79,617.53,0,7.5,0.8
629,J23,2003,dry,C1,#808000,s,20,0.6,7.8,131.92,43.5,16.77,2.13,625.03,0,11.25,13.0
630,J23,2003,wet,C2,#008080,^,20,0.6,7.5,108.83,35.5,18.71,2.18,550.03,0,12.5,1.0
631,J23,2004,dry,C2,#008080,^,20,0.6,8.27,106.36,27.5,10.79,2.05,515.03,0,2.5,1.0
632,J23,2004,wet,C2,#008080,^,20,0.6,8.31,95.64,28.0,9.98,2.24,380.02,0,2.5,1.0
633,J23,2005,dry,C2,#008080,^,20,0.6,7.09,107.19,32.0,10.3,2.28,547.5,0,1.25,2.0
634,J23,2005,wet,C2,#008080,^,20,0.6,7.46,112.96,27.0,10.03,2.43,540.0,0,5.0,0.2
635,J23,2006,dry,C1,#808000,s,20,0.6,7.89,179.74,37.5,25.45,1.11,470.0,0,46.25,150.0
636,J23,2006,wet,C1,#808000,s,20,0.6,7.6,135.22,33.0,22.85,1.17,352.5,0,40.0,150.0
637,J23,2007,dry,C1,#808000,s,20,0.6,7.53,191.28,46.5,22.91,0.87,560.0,0,110.0,100.0
638,J23,2007,wet,C1,#808000,s,20,0.6,7.38,209.42,49.0,23.06,0.79,602.5,0,110.0,100.0
639,J23,2008,dry,C1,#808000,s,20,0.6,7.48,183.86,37.5,28.28,0.95,672.5,0,68.75,35.0
640,J23,2008,wet,C1,#808000,s,20,0.6,7.43,193.76,51.5,26.4,0.91,660.0,0,93.75,75.0
641,J23,2009,wet,C2,#008080,^,20,0.6,7.45,122.03,35.5,12.57,2.3,582.5,0,2.5,1.0
642,J23,2010,dry,C1,#808000,s,20,0.6,7.54,221.79,47.5,55.32,1.48,680.0,0,100.0,160.0
643,J23,2010,wet,C1,#808000,s,20,0.6,7.2,220.97,49.5,24.28,0.82,655.0,0,112.5,94.0
644,J23,2011,dry,C1,#808000,s,20,0.6,7.4,177.27,40.5,23.23,0.78,692.5,0,63.75,12.0
645,J23,2011,wet,C1,#808000,s,20,0.6,7.36,207.01,47.2,40.44,1.79,621.56,0,67.04,150.0
646,J23,2012,dry,C1,#808000,s,20,0.6,7.59,222.46,51.79,57.37,2.51,685.89,0,74.18,180.0
647,J23,2012,wet,C1,#808000,s,20,0.6,7.7,216.2,41.81,50.0,1.92,650.28,0,50.38,175.0
648,J23,2013,dry,C1,#808000,s,20,0.6,7.15,218.04,42.3,51.4,2.23,695.7,0,57.13,140.0
649,J23,2013,wet,C1,#808000,s,20,0.6,7.26,173.95,37.92,46.67,2.64,517.54,0,38.77,138.47
650,J23,2014,dry,C1,#808000,s,20,0.6,7.26,164.3,40.15,44.4,1.24,624.23,0,41.69,106.28
651,J23,2014,wet,C2,#008080,^,20,0.6,6.97,124.24,31.12,11.92,3.24,558.58,0,11.12,8.0
652,J24,1992,dry,C2,#008080,^,20,0.6,7.7,106.4,26.5,18.0,1.7,522.5,0,2.5,2.5
653,J24,1992,wet,C2,#008080,^,20,0.6,7.0,107.2,32.0,15.8,1.2,540.0,0,6.2,10.0
654,J24,1993,dry,C2,#008080,^,20,0.6,7.1,123.7,27.0,16.8,1.1,567.5,0,3.8,2.5
655,J24,1993,wet,C2,#008080,^,20,0.6,6.9,113.8,28.0,9.1,0.7,512.5,0,2.5,2.5
656,J24,1994,wet,C2,#008080,^,20,0.6,7.1,114.6,28.0,8.8,1.3,515.0,0,2.5,2.5
657,J24,1995,dry,C5,#FA8072,^,20,0.6,7.4,70.1,24.0,19.6,1.4,332.5,0,17.5,20.0
658,J24,1995,wet,C2,#008080,^,20,0.6,7.0,117.9,26.5,10.6,1.4,512.8,0,3.8,2.5
659,J24,1996,dry,C2,#008080,^,20,0.6,8.0,103.06,28.5,15.5,1.1,487.52,0,3.75,1.0
660,J24,1997,dry,C2,#008080,^,20,0.6,7.72,128.62,31.5,15.95,0.86,582.53,0,1.25,1.0
661,J24,1997,wet,C2,#008080,^,20,0.6,7.58,128.62,30.0,14.29,0.95,595.03,0,0.01,1.0
662,J24,1998,dry,C2,#008080,^,20,0.6,7.52,131.1,30.5,20.5,1.2,600.03,0,2.5,1.0
663,J24,1998,wet,C2,#008080,^,20,0.6,7.5,131.1,31.0,15.29,1.14,585.03,0,1.25,1.0
664,J24,1999,dry,C2,#008080,^,20,0.6,7.38,133.57,29.5,16.9,1.3,605.03,0,1.25,0.6
665,J24,1999,wet,C2,#008080,^,20,0.6,7.49,133.57,29.0,17.3,0.8,605.03,0,2.5,1.0
666,J24,2000,dry,C2,#008080,^,20,0.6,7.3,136.04,29.0,13.75,1.12,610.03,0,1.25,1.0
667,J24,2000,wet,C2,#008080,^,20,0.6,7.55,136.04,28.5,15.56,1.0,605.03,0,2.5,1.0
668,J24,2001,dry,C2,#008080,^,20,0.6,7.44,137.69,29.5,17.69,1.09,612.53,0,1.25,1.0
669,J24,2001,wet,C2,#008080,^,20,0.6,7.0,122.85,28.0,14.67,1.38,520.03,0,7.5,2.0
670,J24,2002,dry,C2,#008080,^,20,0.6,7.23,120.38,27.5,14.892,1.764,532.53,0,2.5,1.0
671,J24,2002,wet,C2,#008080,^,20,0.6,7.6,112.13,28.0,7.61,1.43,500.02,0,2.5,1.2
672,J24,2003,dry,C2,#008080,^,20,0.6,7.98,106.36,29.0,13.47,1.54,505.03,0,6.25,1.0
673,J24,2003,wet,C2,#008080,^,20,0.6,7.46,84.92,26.0,15.46,1.28,432.52,0,2.5,1.0
674,J24,2004,dry,C2,#008080,^,20,0.6,7.84,95.64,27.5,15.51,1.31,467.52,0,2.5,1.0
675,J24,2004,wet,C2,#008080,^,20,0.6,7.9,109.66,28.0,14.58,1.23,520.03,0,1.25,0.4
676,J24,2005,dry,C2,#008080,^,20,0.6,7.43,125.32,29.5,18.02,0.7,590.0,0,1.25,2.0
677,J24,2005,wet,C2,#008080,^,20,0.6,8.02,124.5,28.5,18.91,0.64,567.5,0,2.5,0.2
678,J24,2006,dry,C2,#008080,^,20,0.6,7.9,127.8,26.0,6.2,1.12,532.5,0,1.25,9.0
679,J24,2006,wet,C2,#008080,^,20,0.6,7.7,131.1,35.0,18.66,0.77,565.0,0,28.75,1.0
680,J24,2007,dry,C2,#008080,^,20,0.6,7.1,112.96,27.0,7.68,1.08,497.5,0,1.25,2.0
681,J24,2007,wet,C2,#008080,^,20,0.6,7.29,98.12,34.0,6.77,1.0,495.0,0,2.5,1.0
682,J24,2008,dry,C2,#008080,^,20,0.6,7.46,115.43,26.0,7.33,1.14,500.0,0,2.5,1.0
683,J24,2008,wet,C2,#008080,^,20,0.6,8.22,87.4,28.0,8.52,1.09,395.0,0,5.0,1.0
684,J24,2009,dry,C4,#0082c8,s,20,0.6,7.62,80.8,17.0,20.44,0.66,392.5,0,1.25,1.0
685,J24,2009,wet,C2,#008080,^,20,0.6,7.52,139.34,34.5,16.88,1.19,582.5,0,5.0,40.0
686,J24,2010,dry,C2,#008080,^,20,0.6,7.2,126.97,27.0,5.39,1.08,535.0,0,1.25,1.0
687,J24,2010,wet,C2,#008080,^,20,0.6,8.28,122.03,30.0,7.25,0.93,505.0,0,2.5,1.0
688,J24,2011,dry,C2,#008080,^,20,0.6,7.36,126.15,27.5,6.04,1.0,542.5,0,1.25,1.0
689,J24,2011,wet,C2,#008080,^,20,0.6,7.42,129.19,28.32,7.41,1.49,539.11,0,2.79,1.0
690,J24,2012,dry,C2,#008080,^,20,0.6,7.65,117.5,35.16,10.64,2.9,565.56,0,6.6,1.0
691,J24,2012,wet,C2,#008080,^,20,0.6,7.8,97.13,33.26,9.22,1.64,472.93,0,5.6,1.0
692,J24,2013,dry,C2,#008080,^,20,0.6,7.75,126.65,27.23,8.68,1.75,571.89,0,4.39,1.0
693,J24,2013,wet,C2,#008080,^,20,0.6,7.24,145.89,26.25,8.88,4.76,635.16,0,6.22,6.03
694,J24,2014,dry,C2,#008080,^,20,0.6,7.41,126.02,28.06,8.82,1.56,568.05,0,2.78,2.0
695,J24,2014,wet,C2,#008080,^,20,0.6,7.46,125.05,28.2,7.66,1.83,546.43,0,2.78,1.0
696,J25,1992,dry,C2,#008080,^,20,0.6,7.0,135.2,28.0,12.6,1.3,595.0,0,7.5,7.5
697,J25,1992,wet,C2,#008080,^,20,0.6,7.1,136.9,28.0,10.0,1.2,602.5,0,7.5,7.5
698,J25,1993,dry,C2,#008080,^,20,0.6,7.0,136.0,30.5,10.6,1.5,600.0,0,5.0,2.5
699,J25,1993,wet,C2,#008080,^,20,0.6,7.0,136.9,29.5,11.4,1.4,580.0,0,6.2,7.5
700,J25,1994,dry,C2,#008080,^,20,0.6,7.6,87.4,28.0,9.6,1.7,440.0,0,7.5,2.5
701,J25,1994,wet,C2,#008080,^,20,0.6,7.5,88.2,29.0,10.6,1.8,437.5,0,6.2,2.5
702,J25,1995,dry,C2,#008080,^,20,0.6,6.9,136.0,29.0,11.9,2.1,597.5,0,8.8,10.0
703,J25,1995,wet,C2,#008080,^,20,0.6,7.3,138.5,28.0,14.5,2.2,590.3,0,6.3,2.5
704,J25,1996,dry,C2,#008080,^,20,0.6,7.3,137.69,29.5,10.9,1.7,597.53,0,6.25,1.0
705,J25,1996,wet,C2,#008080,^,20,0.6,7.0,140.17,28.0,11.6,1.6,590.03,0,6.25,1.0
706,J25,1997,dry,C2,#008080,^,20,0.6,7.85,136.04,28.0,10.65,1.45,577.53,0,7.5,1.0
707,J25,1997,wet,C2,#008080,^,20,0.6,8.1,91.52,34.0,10.0,1.55,455.02,0,6.25,1.0
708,J25,1998,dry,C2,#008080,^,20,0.6,7.16,136.04,30.0,14.8,1.8,585.03,0,10.0,1.0
709,J25,1998,wet,C2,#008080,^,20,0.6,7.59,132.74,30.5,10.0,1.57,582.53,0,7.5,1.0
710,J25,1999,wet,C7,#e6194b,D,20,0.6,7.21,170.67,39.5,20.3,3.7,742.54,0,37.5,1.0
711,J25,2000,dry,C7,#e6194b,D,20,0.6,7.19,174.79,42.5,25.0,5.75,750.04,0,50.0,1.0
712,J25,2000,wet,C7,#e6194b,D,20,0.6,6.91,162.43,47.0,24.44,4.7,770.04,0,47.5,1.0
713,J25,2001,dry,C7,#e6194b,D,20,0.6,7.08,181.39,39.5,29.23,5.0,770.04,0,47.5,1.0
714,J25,2001,wet,C7,#e6194b,D,20,0.6,7.06,178.09,40.0,24.67,5.0,762.54,0,45.0,2.0
715,J25,2002,dry,C1,#808000,s,20,0.6,7.36,122.03,41.5,30.028,8.693,525.03,0,55.0,5.2
716,J25,2002,wet,C1,#808000,s,20,0.6,7.8,95.64,34.5,22.64,2.08,460.02,0,38.75,4.4
717,J25,2003,dry,C7,#e6194b,D,20,0.6,7.88,176.44,43.5,22.76,4.63,760.04,0,45.0,5.0
718,J25,2003,wet,C7,#e6194b,D,20,0.6,7.51,145.11,46.0,34.93,7.56,762.54,0,10.0,10.0
719,J25,2004,dry,C7,#e6194b,D,20,0.6,7.83,137.08,40.5,26.08,4.82,647.53,0,41.25,1.0
720,J25,2004,wet,C1,#808000,s,20,0.6,7.82,162.43,34.5,20.05,1.1,625.03,0,20.0,50.0
721,J25,2005,dry,C1,#808000,s,20,0.6,7.45,151.71,28.5,27.2,0.65,557.5,0,35.0,60.0
722,J25,2005,wet,C7,#e6194b,D,20,0.6,7.67,131.92,41.5,27.17,5.22,632.5,0,51.25,0.2
723,J25,2006,dry,C7,#e6194b,D,20,0.6,7.97,178.09,43.5,31.24,7.32,747.5,0,57.5,1.0
724,J25,2006,wet,C1,#808000,s,20,0.6,7.57,110.48,60.0,55.78,2.37,500.0,0,162.5,20.0
725,J25,2007,dry,C1,#808000,s,20,0.6,7.83,142.64,39.0,26.39,0.68,535.0,0,42.5,52.0
726,J25,2007,wet,C5,#FA8072,^,20,0.6,8.15,79.98,23.5,25.24,0.53,242.5,0,46.25,64.0
727,J25,2008,dry,C1,#808000,s,20,0.6,7.29,165.72,29.5,25.84,0.63,530.0,0,46.25,80.0
728,J25,2008,wet,C1,#808000,s,20,0.6,7.66,128.62,30.0,25.36,0.55,435.0,0,46.25,30.0
729,J25,2009,dry,C2,#008080,^,20,0.6,7.55,127.8,30.0,17.24,1.06,590.0,0,3.75,1.0
730,J25,2009,wet,C1,#808000,s,20,0.6,7.39,136.87,21.0,26.96,0.76,422.5,0,43.75,50.0
731,J25,2010,dry,C1,#808000,s,20,0.6,7.38,151.71,25.0,26.03,0.71,465.0,0,48.75,100.0
732,J25,2010,wet,C1,#808000,s,20,0.6,7.47,151.71,25.0,26.4,0.63,437.5,0,56.25,60.0
733,J25,2011,dry,C1,#808000,s,20,0.6,7.49,159.95,20.0,24.76,0.54,530.0,0,41.25,12.0
734,J25,2011,wet,C1,#808000,s,20,0.6,7.59,105.84,28.79,31.5,0.98,437.63,0,16.76,27.0
735,J25,2012,dry,C1,#808000,s,20,0.6,7.75,160.76,37.06,29.17,1.28,589.62,0,39.19,60.0
736,J25,2012,wet,C2,#008080,^,20,0.6,7.58,150.4,35.63,0.92,2.72,508.4,0,47.59,60.0
737,J25,2013,dry,C1,#808000,s,20,0.6,7.45,184.36,30.14,32.23,1.39,607.26,0,48.34,27.5
738,J25,2013,wet,C1,#808000,s,20,0.6,7.28,144.28,33.06,26.97,1.71,488.13,0,43.59,60.98
739,J25,2014,dry,C1,#808000,s,20,0.6,7.22,179.46,31.93,30.78,0.94,636.72,0,38.91,59.73
740,J25,2014,wet,C1,#808000,s,20,0.6,7.84,92.99,15.07,23.39,3.95,297.5,0,25.03,50.0
741,J26,1992,dry,C2,#008080,^,20,0.6,6.9,136.0,36.0,27.6,1.3,647.5,0,6.2,5.0
742,J26,1993,dry,C2,#008080,^,20,0.6,7.1,136.9,38.0,14.9,0.8,632.5,0,12.5,12.5
743,J26,1993,wet,C2,#008080,^,20,0.6,7.5,127.8,37.5,12.7,0.7,600.0,0,6.2,2.5
744,J26,1994,wet,C1,#808000,s,20,0.6,6.9,135.2,36.5,13.1,1.0,615.0,0,6.2,2.5
745,J26,1995,dry,C2,#008080,^,20,0.6,6.9,132.7,35.0,14.8,1.3,635.0,0,10.0,7.5
746,J26,1995,wet,C2,#008080,^,20,0.6,7.4,103.1,19.0,23.5,1.7,452.7,0,1.3,2.5
747,J26,1996,dry,C2,#008080,^,20,0.6,8.0,115.43,25.5,10.0,2.3,482.52,0,3.75,1.0
748,J26,1996,wet,C2,#008080,^,20,0.6,7.4,102.24,23.5,20.4,1.7,487.52,0,1.25,2.0
749,J26,1997,dry,C2,#008080,^,20,0.6,7.14,98.94,24.5,20.13,1.29,472.52,0,2.5,1.0
750,J26,1997,wet,C2,#008080,^,20,0.6,8.1,89.05,29.5,18.57,1.3,455.02,0,0.01,1.0
751,J26,1998,dry,C2,#008080,^,20,0.6,6.89,104.71,23.0,21.6,2.1,485.02,0,1.25,1.0
752,J26,1998,wet,C2,#008080,^,20,0.6,7.53,95.64,28.5,20.0,1.43,470.02,0,1.25,1.0
753,J26,1999,dry,C2,#008080,^,20,0.6,7.18,99.76,24.0,20.8,1.7,480.02,0,2.5,1.0
754,J26,1999,wet,C2,#008080,^,20,0.6,7.04,93.99,23.0,21.4,1.3,465.02,0,2.5,1.0
755,J26,2000,dry,C2,#008080,^,20,0.6,7.72,96.47,22.5,20.0,1.44,462.52,0,1.25,1.0
756,J26,2000,wet,C2,#008080,^,20,0.6,7.3,86.57,23.5,23.33,1.4,447.52,0,1.25,1.0
757,J26,2001,dry,C2,#008080,^,20,0.6,7.01,117.08,24.5,11.43,2.58,525.03,0,5.0,1.0
758,J26,2001,wet,C2,#008080,^,20,0.6,7.58,96.47,23.0,22.0,1.5,465.02,0,2.5,1.0
759,J26,2002,dry,C2,#008080,^,20,0.6,7.95,83.27,23.5,22.422,2.011,420.02,0,2.5,1.0
760,J26,2002,wet,C2,#008080,^,20,0.6,7.5,79.98,25.0,24.75,2.24,442.52,0,1.25,0.4
761,J26,2003,dry,C2,#008080,^,20,0.6,7.97,75.85,25.0,20.52,1.43,400.02,0,6.25,1.0
762,J26,2003,wet,C4,#0082c8,s,20,0.6,7.25,65.14,22.0,25.54,1.35,367.52,0,10.0,1.0
763,J26,2004,dry,C2,#008080,^,20,0.6,8.28,95.64,24.0,21.14,1.3,450.02,0,2.5,1.0
764,J26,2004,wet,C2,#008080,^,20,0.6,8.1,119.55,25.5,10.12,1.98,512.53,0,2.5,1.0
765,J26,2005,dry,C2,#008080,^,20,0.6,7.62,98.94,23.0,22.2,1.42,472.5,0,1.25,1.0
766,J26,2005,wet,C2,#008080,^,20,0.6,8.05,84.92,25.0,21.35,1.38,435.0,0,5.0,0.2
767,J26,2006,dry,C2,#008080,^,20,0.6,8.32,94.82,23.5,22.0,1.38,457.5,0,1.25,1.0
768,J26,2006,wet,C2,#008080,^,20,0.6,8.1,65.14,24.0,23.77,1.36,320.0,0,30.0,1.0
769,J26,2007,dry,C2,#008080,^,20,0.6,7.62,89.05,21.5,23.54,1.38,442.5,0,2.5,1.0
770,J26,2007,wet,C2,#008080,^,20,0.6,8.23,56.89,26.0,19.47,1.3,340.0,0,11.25,1.0
771,J26,2008,dry,C2,#008080,^,20,0.6,7.5,67.61,39.5,21.88,1.54,457.5,0,1.25,2.0
772,J26,2008,wet,C2,#008080,^,20,0.6,8.32,85.75,22.5,21.53,1.38,410.0,0,2.5,1.0
773,J26,2009,dry,C1,#808000,s,20,0.6,7.38,160.78,30.0,34.84,0.93,572.5,0,55.0,60.0
774,J26,2009,wet,C2,#008080,^,20,0.6,8.46,105.54,26.0,18.36,1.6,450.0,0,10.0,1.0
775,J26,2010,dry,C2,#008080,^,20,0.6,7.6,98.12,23.0,20.15,1.51,467.5,0,2.5,1.0
776,J26,2010,wet,C2,#008080,^,20,0.6,7.56,100.59,23.0,19.86,1.38,462.5,0,2.5,1.0
777,J26,2011,dry,C2,#008080,^,20,0.6,7.65,104.71,25.5,16.37,1.36,482.5,0,3.75,6.0
778,J26,2011,wet,C2,#008080,^,20,0.6,8.13,100.39,22.66,23.96,1.96,405.91,0,44.7,2.0
779,J26,2012,dry,C2,#008080,^,20,0.6,7.8,101.83,29.46,21.25,2.49,505.39,0,2.8,1.0
780,J26,2012,wet,C2,#008080,^,20,0.6,7.9,89.3,20.91,21.08,1.98,431.55,0,9.8,8.0
781,J26,2013,dry,C2,#008080,^,20,0.6,7.66,135.47,39.38,13.2,1.64,672.12,0,5.86,2.0
782,J26,2013,wet,C1,#808000,s,20,0.6,7.42,129.06,17.02,46.67,6.34,376.39,0,39.98,77.82
783,J26,2014,wet,C1,#808000,s,20,0.6,7.56,117.84,20.42,40.44,3.91,382.5,0,38.93,52.0
784,J27,1993,wet,C4,#0082c8,s,20,0.6,7.3,70.1,14.0,29.0,1.3,357.5,0,1.2,2.5
785,J27,1994,wet,C4,#0082c8,s,20,0.6,7.1,71.7,12.5,29.9,1.0,367.5,0,1.2,5.0
786,J27,1995,dry,C4,#0082c8,s,20,0.6,7.5,71.7,14.0,35.5,1.2,372.5,0,3.8,12.5
787,J27,1995,wet,C4,#0082c8,s,20,0.6,8.0,62.7,17.0,29.9,0.9,335.2,0,1.3,2.5
788,J27,1996,dry,C4,#0082c8,s,20,0.6,7.2,72.56,14.0,29.0,1.0,367.52,0,1.25,1.0
789,J27,1996,wet,C4,#0082c8,s,20,0.6,7.0,73.38,14.0,30.0,1.0,362.52,0,1.25,2.0
790,J27,1997,dry,C2,#008080,^,20,0.6,7.22,71.73,13.5,31.88,0.95,362.52,0,1.25,0.5
791,J27,1997,wet,C4,#0082c8,s,20,0.6,8.36,70.08,13.0,27.24,1.64,330.02,0,0.01,1.0
792,J27,1998,dry,C4,#0082c8,s,20,0.6,7.17,70.91,12.5,29.8,1.5,372.52,0,2.5,0.5
793,J27,1998,wet,C4,#0082c8,s,20,0.6,7.68,68.43,14.0,28.4,0.9,357.52,0,2.5,3.6
794,J27,1999,dry,C4,#0082c8,s,20,0.6,7.9,69.26,14.0,29.0,1.2,352.52,0,1.25,0.6
795,J27,1999,wet,C4,#0082c8,s,20,0.6,7.4,70.91,12.0,30.8,1.0,357.52,0,1.25,1.0
796,J27,2000,dry,C4,#0082c8,s,20,0.6,8.29,72.56,12.0,27.5,0.88,340.02,0,1.25,1.0
797,J27,2000,wet,C4,#0082c8,s,20,0.6,7.42,71.73,12.0,28.0,0.9,360.02,0,1.25,1.0
798,J27,2001,dry,C4,#0082c8,s,20,0.6,7.45,69.26,13.5,30.0,1.0,357.52,0,1.25,1.0
799,J27,2001,wet,C4,#0082c8,s,20,0.6,8.1,73.38,12.0,30.0,1.0,342.52,0,1.25,1.0
800,J27,2002,dry,C4,#0082c8,s,20,0.6,7.18,70.08,13.0,28.513,1.549,357.52,0,1.25,1.0
801,J27,2002,wet,C4,#0082c8,s,20,0.6,8.1,70.08,13.0,25.72,1.59,350.02,0,1.25,1.0
802,J27,2003,dry,C4,#0082c8,s,20,0.6,8.05,71.73,14.0,33.42,1.0,355.02,0,1.25,6.0
803,J27,2003,wet,C4,#0082c8,s,20,0.6,8.3,68.43,16.0,36.75,0.64,367.52,0,1.25,1.0
804,J27,2004,dry,C4,#0082c8,s,20,0.6,8.35,70.91,14.0,36.13,0.72,350.02,0,1.25,1.0
805,J27,2004,wet,C4,#0082c8,s,20,0.6,8.35,69.26,14.0,34.26,0.65,340.02,0,1.25,1.0
806,J27,2005,dry,C4,#0082c8,s,20,0.6,8.28,70.08,13.5,26.09,0.94,350.0,0,1.25,0.6
807,J27,2005,wet,C4,#0082c8,s,20,0.6,8.01,70.91,13.5,34.96,0.62,362.5,0,3.75,4.0
808,J27,2006,dry,C4,#0082c8,s,20,0.6,8.57,69.26,14.5,34.65,0.58,355.0,0,1.25,1.0
809,J27,2006,wet,C4,#0082c8,s,20,0.6,8.37,70.91,16.5,34.57,0.61,317.5,0,18.75,1.0
810,J27,2007,dry,C4,#0082c8,s,20,0.6,8.3,73.38,11.0,33.08,0.62,360.0,0,1.25,1.0
811,J27,2007,wet,C4,#0082c8,s,20,0.6,7.7,65.14,15.5,32.58,0.54,370.0,0,1.25,1.0
812,J27,2008,dry,C4,#0082c8,s,20,0.6,7.38,68.43,13.5,33.44,0.74,367.5,0,1.25,1.0
813,J27,2008,wet,C4,#0082c8,s,20,0.6,8.3,68.43,12.5,33.53,0.6,347.5,0,1.25,1.0
814,J27,2009,dry,C2,#008080,^,20,0.6,7.28,133.57,36.0,17.62,0.75,620.0,0,12.5,0.5
815,J27,2009,wet,C4,#0082c8,s,20,0.6,7.45,70.08,13.5,31.95,0.77,362.5,0,1.25,1.0
816,J27,2010,dry,C4,#0082c8,s,20,0.6,7.47,68.43,14.0,34.48,0.98,370.0,0,2.5,1.0
817,J27,2010,wet,C4,#0082c8,s,20,0.6,7.5,70.08,14.0,32.43,0.58,370.0,0,1.25,1.0
818,J27,2011,dry,C4,#0082c8,s,20,0.6,7.49,71.73,14.0,30.68,0.55,382.5,0,1.25,1.0
819,J27,2011,wet,C4,#0082c8,s,20,0.6,7.65,73.16,14.63,33.53,0.9,393.23,0,6.98,1.0
820,J27,2012,dry,C2,#008080,^,20,0.6,7.9,65.8,22.81,35.07,1.23,421.16,0,2.8,1.0
821,J27,2012,wet,C4,#0082c8,s,20,0.6,7.84,70.5,13.3,37.68,0.76,390.17,0,2.8,1.0
822,J27,2013,dry,C4,#0082c8,s,20,0.6,7.57,68.94,15.56,33.81,1.19,395.02,0,2.93,1.0
823,J27,2013,wet,C4,#0082c8,s,20,0.6,7.49,75.35,11.67,31.3,1.61,389.12,0,0.94,5.85
824,J27,2014,dry,C4,#0082c8,s,20,0.6,7.92,68.59,15.48,35.26,0.89,399.51,0,1.39,1.0
825,J27,2014,wet,C4,#0082c8,s,20,0.6,7.62,68.94,15.56,35.08,1.08,370.36,0,2.78,1.0
826,J28,1993,wet,C3,#3cb44b,o,20,0.6,7.3,87.4,15.0,28.8,1.4,402.5,0,8.8,15.0
827,J28,1995,dry,C5,#FA8072,^,20,0.6,7.1,94.0,16.0,33.5,1.2,422.5,0,13.8,12.5
828,J28,1995,wet,C5,#FA8072,^,20,0.6,7.6,93.2,17.5,28.1,1.0,405.2,0,10.0,2.5
829,J28,1996,dry,C5,#FA8072,^,20,0.6,7.1,89.05,18.5,26.0,1.0,397.52,0,16.25,12.0
830,J28,1996,wet,C5,#FA8072,^,20,0.6,7.2,100.59,16.5,35.4,0.9,447.52,0,15.0,18.0
831,J28,1997,dry,C2,#008080,^,20,0.6,7.49,94.82,19.5,32.5,0.95,425.02,0,13.75,5.0
832,J28,1997,wet,C5,#FA8072,^,20,0.6,7.95,89.87,18.5,31.0,0.89,427.52,0,13.75,5.0
833,J28,1998,dry,C5,#FA8072,^,20,0.6,7.12,98.94,19.5,35.3,1.8,477.52,0,18.75,2.0
834,J28,1998,wet,C5,#FA8072,^,20,0.6,7.69,97.29,24.5,45.3,0.8,500.02,0,25.0,4.8
835,J28,1999,dry,C5,#FA8072,^,20,0.6,7.56,93.17,16.5,30.0,1.2,422.52,0,11.25,16.0
836,J28,1999,wet,C4,#0082c8,s,20,0.6,7.33,74.21,17.5,44.4,0.6,410.005,0,5.0,1.0
837,J28,2000,dry,C5,#FA8072,^,20,0.6,7.84,105.54,23.0,41.25,0.88,512.53,0,20.0,1.0
838,J28,2000,wet,C5,#FA8072,^,20,0.6,7.77,75.85,17.5,26.5,1.0,370.02,0,11.25,4.0
839,J28,2001,dry,C4,#0082c8,s,20,0.6,7.52,72.56,19.0,40.0,0.54,410.02,0,5.0,1.0
840,J28,2001,wet,C5,#FA8072,^,20,0.6,8.04,93.17,20.5,35.71,0.9,432.52,0,13.75,1.0
841,J28,2002,dry,C5,#FA8072,^,20,0.6,7.28,78.33,16.0,28.351,1.544,367.52,0,13.75,3.0
842,J28,2002,wet,C5,#FA8072,^,20,0.6,7.7,89.87,20.0,37.62,1.99,430.02,0,17.5,8.0
843,J28,2003,dry,C4,#0082c8,s,20,0.6,8.04,60.19,18.0,35.01,0.83,332.52,0,5.0,8.0
844,J28,2003,wet,C4,#0082c8,s,20,0.6,8.38,62.66,20.0,41.16,0.48,375.02,0,6.25,1.0
845,J28,2004,dry,C4,#0082c8,s,20,0.6,8.31,70.08,18.0,39.91,0.54,380.02,0,3.75,1.0
846,J28,2004,wet,C4,#0082c8,s,20,0.6,8.25,75.03,17.5,39.58,0.48,377.52,0,5.0,1.0
847,J28,2005,dry,C4,#0082c8,s,20,0.6,8.19,80.8,19.5,29.61,0.76,407.5,0,6.25,0.6
848,J28,2005,wet,C4,#0082c8,s,20,0.6,7.76,63.49,16.0,26.22,0.72,320.0,0,12.5,4.0
849,J28,2006,dry,C4,#0082c8,s,20,0.6,8.49,84.1,18.5,31.08,0.7,392.5,0,5.0,1.0
850,J28,2006,wet,C5,#FA8072,^,20,0.6,8.18,51.12,19.5,31.34,0.7,275.0,0,22.5,2.0
851,J28,2007,dry,C4,#0082c8,s,20,0.6,8.2,83.27,14.5,24.65,0.72,365.0,0,8.75,1.0
852,J28,2007,wet,C5,#FA8072,^,20,0.6,7.8,56.89,19.0,24.22,0.63,302.5,0,15.0,3.0
853,J28,2008,dry,C5,#FA8072,^,20,0.6,8.23,82.45,15.0,25.49,0.8,355.0,0,8.75,7.0
854,J28,2008,wet,C5,#FA8072,^,20,0.6,7.5,82.45,16.0,25.59,0.8,382.5,0,10.0,9.0
855,J28,2009,dry,C4,#0082c8,s,20,0.6,7.28,64.43,14.5,34.77,0.79,380.0,0,3.75,1.0
856,J28,2009,wet,C5,#FA8072,^,20,0.6,7.53,83.27,16.0,24.94,0.91,380.0,0,12.5,4.0
857,J28,2010,dry,C5,#FA8072,^,20,0.6,7.38,83.27,17.0,24.43,0.97,380.0,0,10.0,9.0
858,J28,2010,wet,C5,#FA8072,^,20,0.6,8.1,79.15,18.0,24.53,0.7,370.0,0,12.5,1.0
859,J28,2011,dry,C4,#0082c8,s,20,0.6,7.39,85.75,17.5,22.89,0.66,387.5,0,2.5,4.0
860,J28,2011,wet,C5,#FA8072,^,20,0.6,7.79,76.27,20.77,26.03,1.07,380.55,0,4.19,4.0
861,J28,2012,dry,C5,#FA8072,^,20,0.6,7.5,81.47,22.33,26.73,1.45,409.13,0,8.4,15.0
862,J28,2012,wet,C5,#FA8072,^,20,0.6,7.79,65.8,17.1,28.22,1.0,354.7,0,8.4,10.0
863,J28,2013,dry,C5,#FA8072,^,20,0.6,7.6,82.56,17.99,26.62,1.3,418.6,0,10.25,1.0
864,J28,2013,wet,C5,#FA8072,^,20,0.6,7.44,88.98,14.1,24.47,1.92,400.91,0,7.21,12.79
865,J28,2014,dry,C5,#FA8072,^,20,0.6,7.41,82.15,19.35,26.79,1.11,418.24,0,9.73,6.0
866,J28,2014,wet,C5,#FA8072,^,20,0.6,7.7,85.77,17.99,25.9,1.23,400.72,0,9.73,4.0
867,J29,1992,dry,C5,#FA8072,^,20,0.6,7.8,91.5,22.5,40.2,0.8,442.5,0,12.5,42.5
868,J29,1992,wet,C5,#FA8072,^,20,0.6,7.3,90.7,24.5,36.0,1.0,452.5,0,7.5,40.0
869,J29,1995,dry,C5,#FA8072,^,20,0.6,7.7,86.6,22.0,44.2,0.9,430.0,0,11.2,35.0
870,J29,1995,wet,C5,#FA8072,^,20,0.6,7.5,99.8,25.0,34.4,0.7,477.7,0,11.3,5.0
871,J29,1996,dry,C5,#FA8072,^,20,0.6,7.0,96.47,25.5,36.4,0.9,470.02,0,11.25,40.0
872,J29,1996,wet,C5,#FA8072,^,20,0.6,7.6,60.19,20.5,37.2,0.8,340.02,0,10.0,30.0
873,J29,1997,dry,C2,#008080,^,20,0.6,6.96,98.12,21.0,40.0,0.85,455.02,0,8.75,17.0
874,J29,1997,wet,C5,#FA8072,^,20,0.6,7.42,92.34,29.0,34.3,0.79,460.02,0,7.5,24.0
875,J29,1998,dry,C5,#FA8072,^,20,0.6,6.88,98.12,23.5,35.4,1.3,472.52,0,10.0,19.0
876,J29,1998,wet,C5,#FA8072,^,20,0.6,7.31,79.15,33.5,34.0,0.4,442.52,0,13.75,20.0
877,J29,1999,dry,C5,#FA8072,^,20,0.6,7.74,98.12,23.0,36.0,1.1,462.52,0,8.75,30.0
878,J29,1999,wet,C5,#FA8072,^,20,0.6,7.31,98.94,23.0,42.2,0.8,455.02,0,8.75,45.0
879,J29,2000,dry,C5,#FA8072,^,20,0.6,7.41,100.59,23.0,35.62,0.78,460.02,0,7.5,22.0
880,J29,2000,wet,C5,#FA8072,^,20,0.6,8.02,85.75,25.0,35.5,0.8,390.02,0,10.0,45.0
881,J29,2001,dry,C5,#FA8072,^,20,0.6,7.31,101.41,25.0,35.71,0.83,462.52,0,7.5,40.0
882,J29,2001,wet,C5,#FA8072,^,20,0.6,6.97,105.54,21.5,35.71,0.9,455.02,0,7.5,42.0
883,J29,2002,dry,C5,#FA8072,^,20,0.6,7.5,83.27,23.5,36.088,1.73,402.52,0,11.25,40.0
884,J29,2002,wet,C5,#FA8072,^,20,0.6,7.9,70.08,24.0,31.48,1.34,382.52,0,8.75,16.0
885,J29,2003,dry,C5,#FA8072,^,20,0.6,8.16,100.59,25.0,42.02,0.86,455.02,0,7.5,52.0
886,J29,2003,wet,C5,#FA8072,^,20,0.6,8.26,79.98,28.8,37.99,0.83,422.52,0,10.0,32.0
887,J29,2004,dry,C5,#FA8072,^,20,0.6,7.88,80.8,23.5,37.53,0.95,382.52,0,7.5,40.0
888,J29,2004,wet,C5,#FA8072,^,20,0.6,8.18,105.54,25.0,37.07,0.84,437.52,0,8.75,70.0
889,J29,2005,dry,C5,#FA8072,^,20,0.6,7.93,106.36,26.5,34.26,0.82,462.5,0,7.5,56.0
890,J29,2005,wet,C5,#FA8072,^,20,0.6,7.78,101.41,22.0,36.74,0.77,475.0,0,8.75,22.0
891,J29,2006,dry,C5,#FA8072,^,20,0.6,7.59,99.76,27.0,33.44,0.71,457.5,0,6.25,55.0
892,J29,2006,wet,C5,#FA8072,^,20,0.6,7.52,96.47,31.5,34.75,0.84,442.5,0,8.75,56.0
893,J29,2007,dry,C5,#FA8072,^,20,0.6,7.98,113.78,24.0,35.76,0.8,450.0,0,10.0,90.0
894,J29,2007,wet,C5,#FA8072,^,20,0.6,7.15,100.59,29.5,35.87,0.72,435.0,0,10.0,77.0
895,J29,2008,dry,C5,#FA8072,^,20,0.6,7.03,112.96,25.0,36.87,0.94,450.0,0,6.25,80.0
896,J29,2008,wet,C5,#FA8072,^,20,0.6,8.35,102.24,25.5,36.59,0.86,422.5,0,10.0,45.0
897,J29,2009,dry,C5,#FA8072,^,20,0.6,7.34,84.1,16.5,28.18,1.12,387.5,0,12.5,10.0
898,J29,2009,wet,C5,#FA8072,^,20,0.6,8.41,112.96,28.5,40.2,1.08,440.0,0,13.75,80.0
899,J29,2010,dry,C5,#FA8072,^,20,0.6,7.04,116.25,27.0,36.05,1.17,460.0,0,7.5,94.0
900,J29,2010,wet,C5,#FA8072,^,20,0.6,7.24,124.5,28.5,36.67,0.8,452.5,0,13.75,100.0
901,J29,2011,dry,C5,#FA8072,^,20,0.6,7.39,114.61,29.0,33.56,0.78,467.5,0,6.25,70.0
902,J29,2011,wet,C5,#FA8072,^,20,0.6,7.92,114.4,28.32,38.85,1.19,418.6,0,13.97,110.0
903,J29,2012,dry,C5,#FA8072,^,20,0.6,7.81,115.93,32.31,39.44,1.68,481.33,0,8.4,100.0
904,J29,2012,wet,C5,#FA8072,^,20,0.6,7.73,103.4,27.56,43.28,1.29,449.28,0,11.2,90.0
905,J29,2013,dry,C5,#FA8072,^,20,0.6,7.28,121.04,29.17,40.1,1.61,495.24,0,10.25,116.0
906,J29,2013,wet,C5,#FA8072,^,20,0.6,7.6,126.65,30.14,35.24,2.09,470.49,0,7.17,102.45
907,J29,2014,dry,C5,#FA8072,^,20,0.6,7.15,111.66,27.57,37.98,1.14,511.87,0,11.12,50.0
908,J29,2014,wet,C5,#FA8072,^,20,0.6,7.74,83.37,21.39,31.14,1.48,437.15,0,11.12,4.0
909,J3,1992,dry,C5,#FA8072,^,20,0.6,7.2,82.4,18.5,40.4,0.8,380.0,0,30.0,15.0
910,J3,1992,wet,C5,#FA8072,^,20,0.6,7.5,81.6,18.5,32.6,1.0,347.5,0,33.8,17.5
911,J3,1993,dry,C5,#FA8072,^,20,0.6,7.0,82.4,18.5,34.4,0.8,377.5,0,31.2,12.5
912,J3,1993,wet,C5,#FA8072,^,20,0.6,7.5,82.4,18.0,34.0,1.3,355.0,0,33.8,7.5
913,J3,1994,dry,C5,#FA8072,^,20,0.6,7.1,80.8,18.0,39.2,1.3,375.0,0,30.0,2.5
914,J3,1994,wet,C5,#FA8072,^,20,0.6,7.1,81.6,19.5,34.4,1.0,362.5,0,30.0,10.0
915,J3,1995,dry,C5,#FA8072,^,20,0.6,7.1,81.6,18.5,34.7,0.8,370.0,0,26.2,25.0
916,J3,1995,wet,C5,#FA8072,^,20,0.6,7.6,84.9,19.5,34.0,0.8,362.7,0,32.5,15.0
917,J3,1996,dry,C5,#FA8072,^,20,0.6,7.0,84.92,19.5,33.0,0.8,372.52,0,28.75,18.0
918,J3,1996,wet,C5,#FA8072,^,20,0.6,7.1,85.75,17.0,32.3,1.15,362.52,0,36.25,12.0
919,J3,1997,dry,C2,#008080,^,20,0.6,7.31,83.27,18.5,35.0,0.82,370.02,0,33.75,6.0
920,J3,1997,wet,C5,#FA8072,^,20,0.6,7.7,82.45,18.0,31.4,0.75,362.52,0,32.5,6.0
921,J3,1998,dry,C5,#FA8072,^,20,0.6,7.36,84.1,18.5,32.7,1.3,365.02,0,30.0,8.0
922,J3,1998,wet,C5,#FA8072,^,20,0.6,7.12,80.8,18.5,30.0,0.8,357.52,0,35.0,8.0
923,J3,1999,dry,C5,#FA8072,^,20,0.6,7.2,84.1,16.0,32.0,1.0,362.52,0,32.5,6.0
924,J3,1999,wet,C5,#FA8072,^,20,0.6,8.02,76.68,16.0,34.5,0.8,310.02,0,31.25,14.0
925,J3,2000,dry,C5,#FA8072,^,20,0.6,8.23,77.5,17.5,31.88,0.78,337.52,0,32.5,6.0
926,J3,2000,wet,C5,#FA8072,^,20,0.6,7.67,79.98,18.0,32.22,0.89,362.52,0,37.5,5.0
927,J3,2001,dry,C5,#FA8072,^,20,0.6,7.12,81.63,19.0,32.86,0.83,350.02,0,33.75,9.0
928,J3,2001,wet,C5,#FA8072,^,20,0.6,8.18,79.15,16.5,32.86,0.8,282.51,0,41.25,6.0
929,J3,2002,dry,C5,#FA8072,^,20,0.6,7.71,54.42,17.0,35.446,1.116,270.005,0,36.25,14.0
930,J3,2002,wet,C5,#FA8072,^,20,0.6,7.7,61.84,17.5,31.43,1.31,290.005,0,35.0,10.0
931,J3,2003,dry,C5,#FA8072,^,20,0.6,7.97,79.15,19.0,33.82,0.95,347.52,0,33.75,15.0
932,J3,2003,wet,C5,#FA8072,^,20,0.6,8.22,75.03,18.5,34.46,0.75,302.52,0,32.5,5.6
933,J3,2004,dry,C5,#FA8072,^,20,0.6,8.31,73.38,20.0,33.53,0.67,330.02,0,27.5,4.0
934,J3,2004,wet,C5,#FA8072,^,20,0.6,8.15,80.8,17.5,32.02,0.75,347.52,0,31.25,8.6
935,J3,2005,dry,C5,#FA8072,^,20,0.6,7.76,80.8,17.5,32.92,0.75,357.5,0,32.5,10.0
936,J3,2005,wet,C5,#FA8072,^,20,0.6,8.29,78.33,19.0,30.18,0.73,325.0,0,33.75,4.0
937,J3,2006,dry,C5,#FA8072,^,20,0.6,8.39,82.45,17.5,31.06,0.62,340.0,0,35.0,26.0
938,J3,2006,wet,C5,#FA8072,^,20,0.6,8.43,76.68,22.5,30.75,0.64,320.0,0,45.0,12.0
939,J3,2007,dry,C5,#FA8072,^,20,0.6,8.23,80.8,18.5,30.83,0.74,342.5,0,27.5,11.0
940,J3,2007,wet,C5,#FA8072,^,20,0.6,7.85,76.68,18.0,30.46,0.7,327.5,0,35.0,8.0
941,J3,2008,dry,C5,#FA8072,^,20,0.6,7.24,83.27,18.0,29.99,0.9,350.0,0,30.0,14.0
942,J3,2008,wet,C5,#FA8072,^,20,0.6,8.25,81.63,17.5,31.08,0.87,337.5,0,31.25,22.0
943,J3,2009,dry,C5,#FA8072,^,20,0.6,7.48,83.27,17.0,30.44,0.63,365.0,0,25.0,14.0
944,J3,2009,wet,C5,#FA8072,^,20,0.6,8.23,67.61,18.5,31.23,0.71,317.5,0,23.75,18.0
945,J3,2010,dry,C5,#FA8072,^,20,0.6,7.52,80.8,18.5,28.71,1.12,355.0,0,27.5,14.0
946,J3,2010,wet,C5,#FA8072,^,20,0.6,7.38,84.92,17.5,28.85,0.72,352.5,0,31.25,10.0
947,J3,2011,dry,C5,#FA8072,^,20,0.6,7.68,84.92,17.5,27.61,0.66,352.5,0,30.0,15.0
948,J3,2011,wet,C5,#FA8072,^,20,0.6,8.11,68.49,18.88,31.21,1.1,329.81,0,29.33,11.0
949,J3,2012,dry,C5,#FA8072,^,20,0.6,7.8,76.77,27.56,32.58,1.41,373.03,0,30.79,5.0
950,J3,2012,wet,C5,#FA8072,^,20,0.6,7.77,86.17,17.1,51.88,1.0,401.99,0,33.59,40.0
951,J3,2013,dry,C5,#FA8072,^,20,0.6,7.38,82.56,18.96,30.22,1.37,377.33,0,32.23,6.0
952,J3,2013,wet,C5,#FA8072,^,20,0.6,7.94,86.57,17.5,29.46,1.82,358.75,0,29.13,16.23
953,J3,2014,dry,C5,#FA8072,^,20,0.6,7.43,80.56,20.8,33.91,1.47,387.03,0,29.18,10.0
954,J3,2014,wet,C5,#FA8072,^,20,0.6,7.82,52.91,15.56,28.44,0.71,267.15,0,16.68,2.0
955,J4,1992,dry,C2,#008080,^,20,0.6,7.2,94.0,22.0,22.1,1.0,455.0,0,1.2,0.0075
956,J4,1992,wet,C4,#0082c8,s,20,0.6,7.7,74.2,20.0,21.0,1.0,385.0,0,1.2,2.5
957,J4,1993,dry,C4,#0082c8,s,20,0.6,7.3,75.8,18.0,22.5,0.7,382.5,0,1.2,2.5
958,J4,1993,wet,C4,#0082c8,s,20,0.6,7.3,79.2,16.5,22.8,1.0,387.5,0,2.5,2.5
959,J4,1994,wet,C4,#0082c8,s,20,0.6,7.5,75.0,20.5,22.6,0.8,380.0,0,2.5,2.5
960,J4,1995,dry,C4,#0082c8,s,20,0.6,7.3,78.3,16.5,22.2,0.7,380.0,0,1.2,2.5
961,J4,1995,wet,C4,#0082c8,s,20,0.6,7.3,79.2,16.5,18.0,1.7,375.2,0,3.8,2.5
962,J4,1996,dry,C4,#0082c8,s,20,0.6,7.3,78.33,16.5,20.0,1.1,385.02,0,1.25,1.0
963,J4,1996,wet,C4,#0082c8,s,20,0.6,7.3,75.03,19.5,19.2,1.2,375.02,0,1.25,1.0
964,J4,1997,dry,C2,#008080,^,20,0.6,7.22,79.15,17.5,22.5,0.85,377.52,0,1.25,0.5
965,J4,1997,wet,C4,#0082c8,s,20,0.6,7.56,77.5,16.5,19.6,0.7,375.02,0,2.5,0.8
966,J4,1998,dry,C4,#0082c8,s,20,0.6,7.12,78.33,18.5,21.9,1.1,382.52,0,1.25,1.0
967,J4,1998,wet,C4,#0082c8,s,20,0.6,7.52,77.5,17.5,20.0,0.8,372.52,0,2.5,3.2
968,J4,1999,dry,C4,#0082c8,s,20,0.6,7.22,75.85,18.0,21.4,1.0,375.02,0,2.5,0.4
969,J4,1999,wet,C4,#0082c8,s,20,0.6,7.68,77.5,16.5,21.1,0.5,377.52,0,3.75,1.0
970,J4,2000,dry,C4,#0082c8,s,20,0.6,7.41,79.98,18.0,18.75,0.81,377.52,0,1.25,1.0
971,J4,2000,wet,C4,#0082c8,s,20,0.6,7.38,75.85,17.5,22.22,0.89,385.02,0,2.5,0.5
972,J4,2001,wet,C4,#0082c8,s,20,0.6,8.31,74.21,18.5,20.77,0.91,345.02,0,5.0,1.0
973,J4,2002,dry,C4,#0082c8,s,20,0.6,7.55,61.01,18.5,20.605,1.595,325.02,0,7.5,0.2
974,J4,2002,wet,C4,#0082c8,s,20,0.6,7.7,78.33,17.5,18.62,1.11,375.02,0,2.5,0.4
975,J4,2003,dry,C4,#0082c8,s,20,0.6,7.67,77.5,18.5,20.18,0.87,370.02,0,5.0,0.6
976,J4,2003,wet,C4,#0082c8,s,20,0.6,7.69,71.73,17.0,22.0,0.82,350.02,0,2.5,1.0
977,J4,2004,dry,C4,#0082c8,s,20,0.6,8.38,79.15,20.0,20.48,0.74,347.52,0,1.25,3.0
978,J4,2004,wet,C4,#0082c8,s,20,0.6,8.14,64.31,17.0,20.82,0.82,330.02,0,1.25,1.0
979,J4,2005,dry,C4,#0082c8,s,20,0.6,8.6,79.15,17.5,20.34,0.82,380.0,0,1.25,1.0
980,J4,2005,wet,C4,#0082c8,s,20,0.6,7.86,78.33,17.0,19.98,0.79,375.0,0,3.75,1.0
981,J4,2006,dry,C4,#0082c8,s,20,0.6,8.34,86.57,13.5,19.96,0.71,350.0,0,1.25,2.0
982,J4,2006,wet,C4,#0082c8,s,20,0.6,7.78,60.19,19.5,20.98,0.82,325.0,0,2.5,1.0
983,J4,2007,dry,C4,#0082c8,s,20,0.6,8.25,74.2,18.0,20.46,0.83,355.0,0,1.25,1.0
984,J4,2007,wet,C4,#0082c8,s,20,0.6,7.98,74.2,19.5,19.46,0.68,372.5,0,1.25,1.0
985,J4,2008,dry,C4,#0082c8,s,20,0.6,8.28,84.92,19.0,20.84,0.91,372.5,0,17.5,1.0
986,J4,2008,wet,C4,#0082c8,s,20,0.6,7.78,59.36,18.5,20.6,0.81,325.0,0,5.0,1.0
987,J4,2009,dry,C4,#0082c8,s,20,0.6,7.6,66.78,19.0,23.28,0.85,365.0,0,1.25,2.0
988,J4,2009,wet,C4,#0082c8,s,20,0.6,8.35,65.96,18.0,21.21,0.94,337.5,0,3.75,1.0
989,J4,2010,dry,C4,#0082c8,s,20,0.6,7.41,79.98,17.5,19.02,0.97,377.5,0,2.5,1.0
990,J4,2010,wet,C4,#0082c8,s,20,0.6,7.79,82.45,17.0,17.47,0.79,377.5,0,1.25,1.0
991,J4,2011,dry,C4,#0082c8,s,20,0.6,7.48,79.15,21.0,18.62,0.77,382.5,0,1.25,1.0
992,J4,2011,wet,C4,#0082c8,s,20,0.6,7.9,71.6,18.88,20.53,1.22,374.2,0,1.4,1.0
993,J4,2012,dry,C2,#008080,^,20,0.6,7.8,76.77,28.51,21.73,1.48,409.13,0,2.8,1.0
994,J4,2012,wet,C4,#0082c8,s,20,0.6,7.85,65.8,16.63,23.84,1.17,342.87,0,4.2,1.0
995,J4,2013,dry,C4,#0082c8,s,20,0.6,7.65,81.76,18.48,20.04,1.44,412.7,0,2.93,1.0
996,J4,2013,wet,C2,#008080,^,20,0.6,7.86,81.76,16.04,18.9,1.94,388.15,0,1.13,0.0075
997,J4,2014,dry,C4,#0082c8,s,20,0.6,7.45,78.16,19.35,21.7,1.18,411.99,0,1.39,1.0
998,J4,2014,wet,C4,#0082c8,s,20,0.6,7.8,70.54,17.02,21.03,1.38,352.15,0,4.17,1.0
999,J5,1998,wet,C3,#3cb44b,o,20,0.6,6.44,36.28,7.5,27.5,0.44,170.005,0,21.25,8.0
1000,J5,2000,dry,C5,#FA8072,^,20,0.6,6.97,61.84,18.5,31.76,0.62,315.02,0,17.5,20.0
1001,J5,2000,wet,C5,#FA8072,^,20,0.6,7.66,64.31,17.5,32.22,0.72,322.52,0,21.25,5.4
1002,J5,2001,dry,C5,#FA8072,^,20,0.6,7.29,64.31,20.0,32.86,0.67,320.02,0,16.25,16.8
1003,J5,2001,wet,C5,#FA8072,^,20,0.6,7.34,67.61,17.0,30.0,0.67,322.52,0,20.0,16.0
1004,J5,2002,dry,C5,#FA8072,^,20,0.6,7.4,65.14,17.0,31.871,1.434,317.52,0,22.5,9.8
1005,J5,2002,wet,C5,#FA8072,^,20,0.6,7.2,64.31,18.5,34.2,1.06,322.52,0,20.0,11.0
1006,J5,2003,dry,C5,#FA8072,^,20,0.6,7.35,65.14,19.5,31.1,0.69,317.52,0,20.0,22.0
1007,J5,2003,wet,C5,#FA8072,^,20,0.6,7.96,65.96,18.5,33.6,0.64,330.02,0,18.75,7.6
1008,J5,2004,dry,C5,#FA8072,^,20,0.6,8.2,64.28,18.5,32.28,0.57,312.52,0,17.5,16.8
1009,J5,2004,wet,C5,#FA8072,^,20,0.6,7.44,64.31,18.0,32.01,0.66,315.02,0,22.5,21.0
1010,J5,2005,dry,C5,#FA8072,^,20,0.6,7.42,65.14,19.0,31.27,0.63,325.0,0,20.0,4.0
1011,J5,2005,wet,C5,#FA8072,^,20,0.6,7.92,65.14,18.5,31.46,0.62,320.0,0,21.25,20.0
1012,J5,2006,dry,C5,#FA8072,^,20,0.6,7.83,67.61,27.5,31.6,0.53,335.0,0,16.25,35.0
1013,J5,2006,wet,C5,#FA8072,^,20,0.6,7.95,66.78,22.5,32.44,0.67,337.5,0,26.25,28.0
1014,J5,2007,dry,C5,#FA8072,^,20,0.6,7.96,63.49,18.5,31.78,0.58,317.5,0,17.5,13.0
1015,J5,2007,wet,C5,#FA8072,^,20,0.6,8.29,66.78,18.0,31.59,0.52,307.5,0,21.25,11.0
1016,J5,2008,dry,C5,#FA8072,^,20,0.6,7.42,65.14,18.5,30.27,0.68,317.5,0,20.0,14.0
1017,J5,2008,wet,C5,#FA8072,^,20,0.6,7.51,63.49,19.0,31.47,0.62,322.5,0,21.25,11.2
1018,J5,2009,dry,C5,#FA8072,^,20,0.6,7.08,65.96,19.0,31.84,0.5,322.5,0,17.5,20.0
1019,J5,2009,wet,C2,#008080,^,20,0.6,7.47,142.64,39.0,19.54,1.04,657.5,0,16.25,1.0
1020,J5,2010,dry,C5,#FA8072,^,20,0.6,8.23,65.96,19.0,30.22,0.88,317.5,0,21.25,24.0
1021,J5,2010,wet,C5,#FA8072,^,20,0.6,8.14,68.43,19.0,27.45,0.57,302.5,0,22.5,1.0
1022,J5,2011,dry,C5,#FA8072,^,20,0.6,7.7,67.61,17.5,29.64,0.65,322.5,0,17.5,10.0
1023,J5,2011,wet,C5,#FA8072,^,20,0.6,8.18,59.93,19.35,33.02,1.03,317.12,0,19.55,10.0
1024,J5,2012,dry,C5,#FA8072,^,20,0.6,7.74,64.23,24.23,35.91,1.1,367.01,0,12.6,15.0
1025,J5,2012,wet,C5,#FA8072,^,20,0.6,7.68,70.5,17.58,45.18,0.87,354.7,0,11.2,30.0
1026,J5,2013,dry,C5,#FA8072,^,20,0.6,7.58,57.72,16.04,34.91,1.13,271.2,0,43.94,9.6
1027,J5,2013,wet,C5,#FA8072,^,20,0.6,7.88,62.52,22.37,30.005,1.42,259.41,0,38.26,24.08
1028,J5,2014,dry,C5,#FA8072,^,20,0.6,7.53,51.05,17.42,35.11,0.91,268.42,0,34.76,18.0
1029,J5,2014,wet,C5,#FA8072,^,20,0.6,7.46,53.71,17.02,33.86,1.07,255.0,0,36.15,6.4
1030,J6,1992,dry,C5,#FA8072,^,20,0.6,7.5,70.9,15.5,37.6,0.6,350.0,0,21.2,15.0
1031,J6,1992,wet,C5,#FA8072,^,20,0.6,7.4,69.2,16.0,35.6,0.7,350.0,0,20.0,17.5
1032,J6,1993,dry,C5,#FA8072,^,20,0.6,7.3,66.0,18.5,38.0,0.8,347.5,0,18.8,10.0
1033,J6,1993,wet,C5,#FA8072,^,20,0.6,7.3,68.4,17.5,37.0,0.8,350.0,0,20.0,7.5
1034,J6,1994,dry,C5,#FA8072,^,20,0.6,7.1,66.0,20.0,38.4,0.7,345.0,0,17.5,10.0
1035,J6,1994,wet,C5,#FA8072,^,20,0.6,7.5,66.8,17.5,35.3,0.7,342.5,0,18.8,10.0
1036,J6,1995,dry,C5,#FA8072,^,20,0.6,7.7,66.8,18.0,39.7,0.8,340.0,0,23.8,20.0
1037,J6,1995,wet,C5,#FA8072,^,20,0.6,7.5,68.4,17.0,30.4,1.7,340.2,0,11.3,17.5
1038,J6,1996,dry,C5,#FA8072,^,20,0.6,7.2,69.26,17.5,33.5,1.0,345.02,0,20.0,10.0
1039,J6,1996,wet,C5,#FA8072,^,20,0.6,7.3,69.26,16.5,36.3,0.6,335.02,0,21.25,12.0
1040,J6,1997,dry,C5,#FA8072,^,20,0.6,7.27,68.43,17.0,35.91,0.57,335.02,0,21.25,10.0
1041,J6,1997,wet,C5,#FA8072,^,20,0.6,7.51,68.43,17.0,33.3,0.7,340.02,0,22.5,8.0
1042,J6,1998,dry,C5,#FA8072,^,20,0.6,7.17,67.61,18.0,34.6,1.1,347.52,0,22.5,10.0
1043,J6,1998,wet,C5,#FA8072,^,20,0.6,6.98,67.61,17.0,33.6,0.67,327.52,0,21.25,4.8
1044,J6,1999,dry,C5,#FA8072,^,20,0.6,7.14,69.26,18.0,34.0,1.0,347.52,0,21.25,10.0
1045,J6,1999,wet,C5,#FA8072,^,20,0.6,7.29,68.43,17.5,36.0,0.6,340.02,0,21.25,10.0
1046,J6,2000,dry,C5,#FA8072,^,20,0.6,7.18,65.96,17.5,35.29,0.62,335.02,0,20.0,17.2
1047,J6,2000,wet,C5,#FA8072,^,20,0.6,7.13,70.08,16.5,37.5,0.7,347.52,0,21.25,9.0
1048,J6,2001,dry,C4,#0082c8,s,20,0.6,7.31,67.61,18.0,37.14,0.92,365.02,0,12.5,1.6
1049,J6,2001,wet,C4,#0082c8,s,20,0.6,7.47,70.08,17.5,33.33,0.83,355.02,0,16.25,2.0
1050,J6,2002,dry,C5,#FA8072,^,20,0.6,7.04,61.01,17.0,33.237,1.337,337.52,0,15.0,4.4
1051,J6,2002,wet,C5,#FA8072,^,20,0.6,7.7,70.08,27.0,36.05,0.9,315.02,0,37.5,58.0
1052,J6,2003,dry,C5,#FA8072,^,20,0.6,7.24,87.4,23.5,35.9,0.63,342.52,0,50.0,40.0
1053,J6,2003,wet,C5,#FA8072,^,20,0.6,8.23,83.27,24.5,38.69,0.55,307.52,0,50.0,35.0
1054,J6,2004,dry,C5,#FA8072,^,20,0.6,8.14,84.1,25.0,35.9,0.51,330.02,0,50.0,35.0
1055,J6,2004,wet,C5,#FA8072,^,20,0.6,7.32,89.87,23.0,36.64,0.63,337.52,0,55.0,42.0
1056,J6,2005,dry,C5,#FA8072,^,20,0.6,7.59,98.94,21.0,37.88,0.49,382.5,0,53.75,28.5
1057,J6,2005,wet,C5,#FA8072,^,20,0.6,8.12,89.05,26.5,37.98,0.47,352.5,0,57.5,30.0
1058,J6,2006,dry,C5,#FA8072,^,20,0.6,7.76,90.7,25.0,37.08,0.51,345.0,0,53.75,40.0
1059,J6,2006,wet,C5,#FA8072,^,20,0.6,8.42,84.1,31.0,36.98,0.58,310.0,0,82.5,40.0
1060,J6,2007,dry,C5,#FA8072,^,20,0.6,8.21,89.05,26.0,35.77,0.69,342.5,0,55.0,35.0
1061,J6,2007,wet,C5,#FA8072,^,20,0.6,8.38,93.17,26.0,37.2,0.55,330.0,0,58.75,50.0
1062,J6,2008,dry,C5,#FA8072,^,20,0.6,7.87,95.64,27.5,36.44,0.66,357.5,0,58.75,50.0
1063,J6,2008,wet,C1,#808000,s,20,0.6,8.28,95.64,21.0,56.95,6.47,252.5,0,56.25,130.0
1064,J6,2009,dry,C4,#0082c8,s,20,0.6,7.62,74.2,11.0,31.08,0.5,360.0,0,7.5,1.0
1065,J6,2009,wet,C4,#0082c8,s,20,0.6,7.77,59.36,19.5,31.47,0.7,342.5,0,7.5,1.0
1066,J7,2000,dry,C2,#008080,^,20,0.6,7.15,131.92,29.5,16.47,0.62,562.53,0,10.0,16.8
1067,J7,2001,dry,C2,#008080,^,20,0.6,7.33,131.92,34.0,12.5,0.57,592.53,0,25.0,4.0
1068,J7,2001,wet,C2,#008080,^,20,0.6,7.43,122.03,34.0,10.83,0.89,545.03,0,11.25,1.0
1069,J7,2002,dry,C1,#808000,s,20,0.6,7.03,140.17,33.0,20.0052,2.478,512.53,0,48.75,17.2
1070,J7,2002,wet,C2,#008080,^,20,0.6,7.7,102.24,32.0,10.51,1.3,475.02,0,12.5,2.0
1071,J7,2003,dry,C4,#0082c8,s,20,0.6,7.32,71.73,14.0,33.42,1.0,355.02,0,1.25,6.0
1072,J7,2003,wet,C2,#008080,^,20,0.6,7.69,98.94,31.0,10.74,1.0,460.02,0,12.5,1.0
1073,J7,2004,dry,C2,#008080,^,20,0.6,8.15,115.43,38.0,10.46,0.89,547.53,0,10.0,1.0
1074,J7,2004,wet,C2,#008080,^,20,0.6,7.45,121.2,31.0,13.58,0.88,502.53,0,20.0,7.0
1075,J7,2005,dry,C2,#008080,^,20,0.6,7.5,126.97,33.5,10.79,0.97,550.0,0,12.5,0.6
1076,J7,2005,wet,C2,#008080,^,20,0.6,7.91,126.15,30.0,10.24,0.91,540.0,0,13.75,1.0
1077,J7,2006,dry,C2,#008080,^,20,0.6,8.3,131.92,27.5,10.68,0.7,525.0,0,12.5,12.0
1078,J7,2006,wet,C2,#008080,^,20,0.6,7.45,102.24,42.0,11.45,0.82,527.5,0,18.75,10.0
1079,J7,2007,dry,C2,#008080,^,20,0.6,7.91,129.45,33.5,10.98,1.09,535.0,0,21.25,2.0
1080,J7,2007,wet,C2,#008080,^,20,0.6,7.69,82.45,31.0,11.15,0.87,407.5,0,11.25,1.0
1081,J7,2008,dry,C2,#008080,^,20,0.6,7.6,108.83,28.5,11.63,1.11,492.5,0,2.5,2.0
1082,J7,2008,wet,C2,#008080,^,20,0.6,7.58,89.87,32.0,12.04,1.01,437.5,0,11.25,1.0
1083,J7,2009,dry,C3,#3cb44b,o,20,0.6,7.4,84.92,18.5,9.2,0.21,367.5,0,3.75,7.0
1084,J7,2009,wet,C2,#008080,^,20,0.6,7.6,99.76,28.5,10.72,1.05,445.0,0,16.25,1.0
1085,J7,2010,dry,C3,#3cb44b,o,20,0.6,7.68,84.92,20.0,10.24,0.28,360.0,0,5.0,10.0
1086,J7,2010,wet,C5,#FA8072,^,20,0.6,7.72,102.24,20.0,8.84,0.29,350.0,0,33.75,3.0
1087,J7,2011,dry,C3,#3cb44b,o,20,0.6,7.43,84.92,21.5,8.94,0.36,360.0,0,3.75,10.0
1088,J7,2011,wet,C3,#3cb44b,o,20,0.6,7.56,87.94,20.77,9.8,0.6,386.89,0,5.59,10.0
1089,J7,2012,dry,C1,#808000,s,20,0.6,7.6,100.27,30.41,16.52,0.68,481.33,0,7.0,15.0
1090,J7,2012,wet,C5,#FA8072,^,20,0.6,7.88,79.9,16.63,10.68,0.42,348.79,0,8.4,10.0
1091,J7,2013,dry,C5,#FA8072,^,20,0.6,7.62,81.76,19.45,11.88,0.73,377.33,0,5.86,1.0
1092,J7,2013,wet,C1,#808000,s,20,0.6,7.25,131.46,24.31,11.91,1.31,530.62,0,18.34,9.58
1093,J7,2014,dry,C1,#808000,s,20,0.6,7.9,120.44,30.48,23.44,0.84,455.69,0,36.15,50.0
1094,J7,2014,wet,C3,#3cb44b,o,20,0.6,7.43,77.76,21.39,10.92,0.64,370.36,0,8.34,2.4
1095,J8,1992,dry,C3,#3cb44b,o,20,0.6,7.2,65.1,14.5,10.7,2.1,272.5,0,11.2,10.0
1096,J8,1992,wet,C3,#3cb44b,o,20,0.6,7.3,63.5,7.0,7.6,1.7,225.0,0,8.8,17.5
1097,J8,1993,dry,C3,#3cb44b,o,20,0.6,7.5,47.8,9.0,8.5,1.5,182.5,0,6.2,17.5
1098,J8,1993,wet,C3,#3cb44b,o,20,0.6,7.5,58.5,10.5,10.8,1.7,222.5,0,10.0,22.5
1099,J8,1994,dry,C3,#3cb44b,o,20,0.6,7.3,59.4,11.5,9.8,1.7,237.5,0,7.5,15.0
1100,J8,1994,wet,C3,#3cb44b,o,20,0.6,7.1,57.7,11.5,10.0,2.4,222.5,0,10.0,17.5
1101,J8,1995,dry,C3,#3cb44b,o,20,0.6,7.2,59.4,12.5,9.8,1.8,240.0,0,12.5,17.5
1102,J8,1995,wet,C3,#3cb44b,o,20,0.6,7.3,56.1,11.5,7.8,1.7,215.1,0,11.3,25.0
1103,J8,1996,dry,C3,#3cb44b,o,20,0.6,7.4,79.15,13.0,12.6,2.6,315.02,0,12.5,5.0
1104,J8,1996,wet,C3,#3cb44b,o,20,0.6,7.1,80.8,14.0,11.8,1.58,295.01,0,12.5,14.0
1105,J8,1997,dry,C3,#3cb44b,o,20,0.6,7.44,60.19,11.5,9.55,2.0,232.51,0,10.0,14.0
1106,J8,1997,wet,C3,#3cb44b,o,20,0.6,7.5,58.54,11.5,8.6,2.0,217.51,0,13.75,18.0
1107,J8,1998,dry,C3,#3cb44b,o,20,0.6,7.2,61.01,12.5,11.4,2.2,237.51,0,11.25,18.0
1108,J8,1998,wet,C3,#3cb44b,o,20,0.6,6.96,59.36,11.5,9.28,2.0,215.01,0,11.25,22.0
1109,J8,1999,dry,C3,#3cb44b,o,20,0.6,7.51,60.19,12.0,9.8,2.2,220.005,0,10.0,20.0
1110,J8,1999,wet,C3,#3cb44b,o,20,0.6,7.57,57.72,10.5,10.6,2.0,215.01,0,8.75,30.0
1111,J8,2000,dry,C3,#3cb44b,o,20,0.6,7.4,57.72,11.0,9.41,2.38,217.51,0,8.75,22.0
1112,J8,2000,wet,C3,#3cb44b,o,20,0.6,7.53,57.72,10.0,9.38,1.9,207.51,0,11.25,25.0
1113,J8,2001,dry,C3,#3cb44b,o,20,0.6,8.06,58.54,13.0,10.0,1.64,220.005,0,12.5,13.0
1114,J8,2001,wet,C3,#3cb44b,o,20,0.6,8.34,56.07,9.5,7.69,1.64,190.005,0,11.25,7.0
1115,J8,2002,dry,C3,#3cb44b,o,20,0.6,7.31,61.84,12.0,10.047,2.81,230.005,0,13.75,27.6
1116,J8,2002,wet,C3,#3cb44b,o,20,0.6,7.4,54.42,9.5,8.19,3.13,192.51,0,11.25,18.0
1117,J8,2003,dry,C3,#3cb44b,o,20,0.6,8.34,75.03,13.0,11.62,2.33,257.51,0,11.25,8.4
1118,J8,2003,wet,C3,#3cb44b,o,20,0.6,8.16,83.27,12.5,10.17,2.12,237.51,0,32.5,18.0
1119,J8,2004,dry,C2,#008080,^,20,0.6,7.76,89.87,19.0,14.2,3.03,377.52,0,16.25,1.0
1120,J8,2004,wet,C3,#3cb44b,o,20,0.6,8.26,68.43,12.5,9.5,2.03,245.01,0,12.5,1.0
1121,J8,2005,dry,C3,#3cb44b,o,20,0.6,7.74,71.73,13.5,9.07,1.94,280.0,0,12.5,6.0
1122,J8,2005,wet,C3,#3cb44b,o,20,0.6,8.23,68.43,12.5,9.46,1.98,232.5,0,13.75,15.0
1123,J8,2006,wet,C3,#3cb44b,o,20,0.6,8.17,75.03,16.5,9.38,2.1,280.0,0,15.0,8.0
1124,J8,2007,dry,C3,#3cb44b,o,20,0.6,8.26,67.61,13.0,9.93,1.87,255.0,0,10.0,16.0
1125,J8,2007,wet,C3,#3cb44b,o,20,0.6,8.24,70.08,12.5,8.79,1.97,242.5,0,13.75,20.0
1126,J8,2008,dry,C3,#3cb44b,o,20,0.6,7.73,69.26,11.5,10.1,2.24,250.0,0,12.5,18.0
1127,J8,2008,wet,C3,#3cb44b,o,20,0.6,7.59,69.26,12.0,10.09,2.14,255.0,0,13.75,19.2
1128,J8,2009,dry,C2,#008080,^,20,0.6,8.2,116.25,28.5,7.44,1.58,525.0,0,5.0,1.0
1129,J8,2009,wet,C2,#008080,^,20,0.6,7.91,94.82,27.0,6.61,1.21,432.5,0,3.75,1.0
1130,J8,2010,dry,C1,#808000,s,20,0.6,7.5,128.62,25.0,47.23,3.85,385.0,0,76.25,110.0
1131,J8,2010,wet,C1,#808000,s,20,0.6,7.64,140.17,21.0,50.6,4.07,405.0,0,71.25,100.0
1132,J8,2011,dry,C1,#808000,s,20,0.6,7.5,220.14,44.5,70.84,6.63,535.0,0,116.25,250.0
1133,J8,2011,wet,C1,#808000,s,20,0.6,7.93,166.55,34.46,77.85,13.58,551.79,0,72.63,200.0
1134,J8,2012,dry,C1,#808000,s,20,0.6,7.56,146.48,33.26,65.87,6.44,469.29,0,74.18,172.0
1135,J8,2012,wet,C1,#808000,s,20,0.6,7.78,166.06,30.88,87.14,16.72,520.22,0,81.17,200.0
1136,J8,2013,dry,C1,#808000,s,20,0.6,7.51,141.08,27.23,53.05,6.66,389.12,0,67.38,200.0
1137,J8,2013,wet,C1,#808000,s,20,0.6,7.3,145.89,25.28,46.85,7.38,373.33,0,63.88,184.73
1138,J8,2014,dry,C1,#808000,s,20,0.6,7.5,135.59,26.12,50.94,5.26,374.54,0,55.61,172.69
1139,J8,2014,wet,C1,#808000,s,20,0.6,7.79,135.47,25.28,47.92,5.74,425.0,0,47.27,104.0
1140,J9,1992,dry,C1,#808000,s,20,0.6,7.1,127.0,30.0,18.2,2.8,535.0,0,22.5,25.0
1141,J9,1992,wet,C1,#808000,s,20,0.6,7.5,97.3,31.5,13.8,2.2,437.5,0,21.2,17.5
1142,J9,1993,dry,C1,#808000,s,20,0.6,7.0,153.4,40.5,29.0,2.7,545.0,0,68.8,70.0
1143,J9,1993,wet,C1,#808000,s,20,0.6,7.3,136.0,34.5,28.8,2.6,517.5,0,50.0,50.0
1144,J9,1994,dry,C1,#808000,s,20,0.6,7.4,133.6,34.5,25.0,2.3,520.0,0,48.8,35.0
1145,J9,1994,wet,C1,#808000,s,20,0.6,7.8,121.2,33.0,22.8,3.1,505.0,0,36.2,30.0
1146,J9,1995,dry,C1,#808000,s,20,0.6,6.9,137.7,33.5,27.0,2.6,532.5,0,56.2,52.5
1147,J9,1995,wet,C1,#808000,s,20,0.6,7.4,129.4,36.0,23.9,3.0,500.2,0,52.5,55.0
1148,J9,1996,dry,C1,#808000,s,20,0.6,7.1,136.04,35.5,23.3,3.7,540.03,0,51.25,15.0
1149,J9,1996,wet,C1,#808000,s,20,0.6,7.2,136.04,32.0,22.2,2.3,507.53,0,53.75,19.0
1150,J9,1997,dry,C1,#808000,s,20,0.6,7.34,138.52,33.0,22.27,2.71,527.53,0,60.0,20.0
1151,J9,1997,wet,C1,#808000,s,20,0.6,7.93,136.04,35.5,24.4,2.7,505.03,0,68.75,17.0
1152,J9,1998,dry,C1,#808000,s,20,0.6,7.0,140.17,20.5,24.7,2.7,537.53,0,13.75,24.0
1153,J9,1998,wet,C3,#3cb44b,o,20,0.6,6.7,57.72,15.5,23.57,2.44,212.51,0,45.0,32.0
1154,J9,1999,dry,C1,#808000,s,20,0.6,7.08,143.46,35.0,25.0,2.8,532.53,0,65.0,35.0
1155,J9,1999,wet,C1,#808000,s,20,0.6,7.24,141.81,37.0,28.0,2.8,532.53,0,68.75,40.0
1156,J9,2000,dry,C1,#808000,s,20,0.6,7.1,140.17,34.0,21.18,3.12,532.53,0,58.75,22.0
1157,J9,2000,wet,C1,#808000,s,20,0.6,7.31,146.76,36.0,30.0,2.9,535.03,0,72.5,50.0
1158,J9,2001,dry,C1,#808000,s,20,0.6,8.05,142.64,37.5,28.33,2.64,555.03,0,78.75,7.0
1159,J9,2001,wet,C1,#808000,s,20,0.6,8.15,116.25,28.5,20.0,2.06,430.02,0,31.25,50.0
1160,J9,2002,dry,C1,#808000,s,20,0.6,7.39,137.69,34.0,21.632,4.728,537.53,0,55.0,18.0
1161,J9,2002,wet,C1,#808000,s,20,0.6,7.6,140.99,36.5,21.8,3.4,532.53,0,67.5,24.0
1162,J9,2003,dry,C1,#808000,s,20,0.6,7.93,122.85,35.5,26.58,2.69,467.52,0,60.0,45.0
1163,J9,2003,wet,C1,#808000,s,20,0.6,7.38,149.23,36.0,26.24,2.59,537.53,0,67.5,40.0
1164,J9,2004,dry,C1,#808000,s,20,0.6,7.8,107.19,47.0,16.22,1.88,505.03,0,27.5,40.0
1165,J9,2004,wet,C1,#808000,s,20,0.6,7.34,134.39,43.0,23.34,2.65,517.53,0,70.0,44.0
1166,J9,2005,dry,C1,#808000,s,20,0.6,7.91,151.71,35.0,21.66,2.14,545.0,0,66.25,52.0
1167,J9,2005,wet,C1,#808000,s,20,0.6,7.8,108.01,32.0,23.69,2.57,427.5,0,53.75,25.0
1168,J9,2006,dry,C1,#808000,s,20,0.6,8.33,153.36,35.5,19.97,2.24,515.0,0,67.5,60.0
1169,J9,2006,wet,C1,#808000,s,20,0.6,8.15,120.38,59.5,21.65,2.4,517.5,0,73.75,60.0
1170,J9,2007,dry,C1,#808000,s,20,0.6,7.98,140.99,37.0,21.54,2.11,505.0,0,72.5,23.2
1171,J9,2007,wet,C1,#808000,s,20,0.6,7.8,133.57,30.0,15.84,1.94,515.0,0,45.0,16.0
1172,J9,2008,dry,C1,#808000,s,20,0.6,7.22,135.22,28.0,15.58,2.17,502.5,0,28.75,28.0
1173,J9,2008,wet,C1,#808000,s,20,0.6,7.67,131.1,41.5,20.73,2.46,505.0,0,71.0,28.0
1174,J9,2009,dry,C1,#808000,s,20,0.6,7.52,148.41,38.5,25.62,3.03,565.0,0,81.25,28.0
1175,J9,2009,wet,C1,#808000,s,20,0.6,7.56,125.32,22.5,47.18,4.82,375.0,0,70.0,80.0
1176,J9,2010,dry,C1,#808000,s,20,0.6,7.23,151.71,36.0,20.16,2.32,545.0,0,70.0,28.0
1177,J9,2010,wet,C1,#808000,s,20,0.6,7.78,148.41,35.5,23.84,2.41,520.0,0,75.0,30.0
1178,J9,2011,dry,C1,#808000,s,20,0.6,7.35,158.3,39.0,21.93,2.39,570.0,0,76.25,27.5
1179,J9,2011,wet,C1,#808000,s,20,0.6,7.73,122.96,35.4,35.2,3.77,437.63,0,62.85,100.0
1180,J9,2012,dry,C1,#808000,s,20,0.6,7.5,131.6,40.96,29.14,3.53,535.47,0,64.38,55.0
1181,J9,2012,wet,C1,#808000,s,20,0.6,7.9,95.57,33.26,31.98,3.61,390.17,0,55.98,55.0
1182,J9,2014,dry,C1,#808000,s,20,0.6,7.5,135.59,26.12,50.94,5.26,374.54,0,55.61,172.69
1183,J9,2014,wet,C1,#808000,s,20,0.6,7.79,135.47,25.28,47.92,5.74,425.0,0,47.27,104.0
